"Data","Ostatnio","Otwarcie","Max.","Min.","Wol.","Zmiana%"
"30.12.2019","3.186,94","3.212,98","3.212,98","3.186,94","1,83M","-0,80%"
"27.12.2019","3.212,54","3.225,80","3.244,63","3.212,16","2,11M","-0,26%"
"23.12.2019","3.220,94","3.210,23","3.225,64","3.201,06","2,12M","0,33%"
"20.12.2019","3.210,27","3.205,74","3.242,23","3.204,17","8,75M","0,18%"
"19.12.2019","3.204,61","3.194,71","3.219,51","3.192,78","4,00M","0,32%"
"18.12.2019","3.194,52","3.207,22","3.215,85","3.192,98","3,68M","-0,39%"
"17.12.2019","3.207,06","3.200,58","3.218,96","3.188,22","3,84M","0,22%"
"16.12.2019","3.199,99","3.168,50","3.205,22","3.168,50","4,11M","1,01%"
"13.12.2019","3.168,06","3.166,62","3.207,76","3.157,52","5,22M","0,05%"
"12.12.2019","3.166,33","3.123,08","3.178,88","3.118,05","4,48M","1,38%"
"11.12.2019","3.123,12","3.119,53","3.136,27","3.114,59","3,62M","0,13%"
"10.12.2019","3.118,99","3.124,22","3.125,22","3.095,41","3,25M","-0,16%"
"09.12.2019","3.124,09","3.144,50","3.154,72","3.121,21","2,62M","-0,65%"
"06.12.2019","3.144,50","3.113,83","3.150,90","3.109,49","2,75M","0,99%"
"05.12.2019","3.113,72","3.112,61","3.131,12","3.112,61","3,70M","0,04%"
"04.12.2019","3.112,50","3.092,22","3.126,35","3.087,99","4,24M","0,64%"
"03.12.2019","3.092,65","3.116,38","3.132,68","3.079,49","4,64M","-0,83%"
"02.12.2019","3.118,52","3.140,37","3.169,12","3.113,32","3,69M","-0,68%"
"29.11.2019","3.139,82","3.177,07","3.177,37","3.135,27","3,16M","-1,22%"
"28.11.2019","3.178,74","3.183,97","3.184,74","3.159,09","3,49M","-0,15%"
"27.11.2019","3.183,49","3.191,73","3.205,42","3.180,31","4,04M","-0,26%"
"26.11.2019","3.191,67","3.183,11","3.197,28","3.167,57","4,99M","0,27%"
"25.11.2019","3.183,11","3.171,37","3.197,93","3.171,37","2,24M","0,27%"
"22.11.2019","3.174,57","3.150,10","3.177,37","3.147,03","3,05M","0,83%"
"21.11.2019","3.148,49","3.155,13","3.156,19","3.120,57","3,12M","-0,21%"
"20.11.2019","3.155,13","3.149,55","3.159,25","3.129,99","3,63M","0,06%"
"19.11.2019","3.153,18","3.156,90","3.190,21","3.139,13","3,18M","-0,12%"
"18.11.2019","3.157,06","3.189,37","3.203,84","3.143,97","3,28M","-1,01%"
"15.11.2019","3.189,25","3.186,38","3.211,69","3.170,46","3,13M","0,09%"
"14.11.2019","3.186,29","3.222,60","3.224,63","3.186,29","3,13M","-1,10%"
"13.11.2019","3.221,70","3.228,30","3.228,30","3.192,05","3,40M","-0,38%"
"12.11.2019","3.234,06","3.227,77","3.239,52","3.217,45","3,64M","0,19%"
"11.11.2019","3.227,77","3.219,94","3.234,07","3.204,95","2,81M","0,11%"
"08.11.2019","3.224,17","3.251,97","3.252,62","3.218,76","4,57M","-0,81%"
"07.11.2019","3.250,61","3.223,70","3.261,93","3.219,25","4,87M","0,82%"
"06.11.2019","3.224,20","3.247,43","3.249,74","3.213,67","4,49M","-0,68%"
"05.11.2019","3.246,37","3.224,53","3.254,47","3.215,68","5,84M","0,65%"
"04.11.2019","3.225,41","3.165,16","3.227,26","3.164,17","3,88M","1,92%"
"01.11.2019","3.164,64","3.139,49","3.168,80","3.138,18","2,80M","0,80%"
"31.10.2019","3.139,59","3.171,11","3.183,21","3.129,37","3,87M","-1,00%"
"30.10.2019","3.171,21","3.190,82","3.194,82","3.169,33","3,02M","-0,61%"
"29.10.2019","3.190,52","3.192,64","3.195,79","3.164,48","3,39M","0,04%"
"28.10.2019","3.189,37","3.154,80","3.196,80","3.151,77","3,08M","1,11%"
"25.10.2019","3.154,47","3.154,59","3.166,20","3.137,15","2,41M","-0,01%"
"24.10.2019","3.154,68","3.146,76","3.173,35","3.142,03","3,56M","0,29%"
"23.10.2019","3.145,70","3.118,18","3.147,96","3.101,24","3,52M","0,88%"
"22.10.2019","3.118,18","3.084,48","3.121,92","3.084,48","3,53M","1,09%"
"21.10.2019","3.084,48","3.049,03","3.094,36","3.048,20","3,59M","1,19%"
"18.10.2019","3.048,27","3.040,59","3.069,99","3.033,00","3,13M","0,27%"
"17.10.2019","3.040,19","3.043,36","3.072,46","3.018,17","3,91M","-0,11%"
"16.10.2019","3.043,45","3.033,37","3.046,95","2.997,18","4,19M","0,36%"
"15.10.2019","3.032,59","3.001,64","3.034,73","2.989,30","3,29M","1,01%"
"14.10.2019","3.002,23","3.005,64","3.005,64","2.971,92","2,66M","-0,11%"
"11.10.2019","3.005,64","2.938,16","3.012,96","2.938,16","4,37M","2,24%"
"10.10.2019","2.939,68","2.916,60","2.943,45","2.902,57","4,53M","0,79%"
"09.10.2019","2.916,60","2.921,79","2.930,04","2.899,99","3,47M","-0,18%"
"08.10.2019","2.921,91","2.935,60","2.940,52","2.906,48","3,06M","-0,49%"
"07.10.2019","2.936,19","2.923,75","2.937,42","2.905,69","3,18M","0,44%"
"04.10.2019","2.923,29","2.905,79","2.923,68","2.897,26","3,22M","0,60%"
"03.10.2019","2.905,75","2.924,58","2.928,59","2.896,41","4,19M","-0,64%"
"02.10.2019","2.924,44","2.991,54","2.991,54","2.924,10","4,37M","-2,29%"
"01.10.2019","2.992,87","3.009,96","3.030,06","2.988,90","3,45M","-0,59%"
"30.09.2019","3.010,61","3.020,93","3.034,95","3.006,11","4,12M","-0,35%"
"27.09.2019","3.021,23","2.998,34","3.022,58","2.997,71","3,12M","0,78%"
"26.09.2019","2.997,89","2.998,24","3.018,01","2.990,68","3,44M","-0,00%"
"25.09.2019","2.998,02","3.034,50","3.034,50","2.959,46","2,97M","-1,19%"
"24.09.2019","3.034,15","3.034,41","3.042,43","3.023,57","3,05M","-0,02%"
"23.09.2019","3.034,71","3.068,00","3.068,00","3.010,27","3,35M","-1,09%"
"20.09.2019","3.068,04","3.068,91","3.070,67","3.044,43","11,26M","-0,03%"
"19.09.2019","3.069,00","3.042,79","3.069,00","3.031,53","3,72M","0,96%"
"18.09.2019","3.039,89","3.044,79","3.051,88","3.032,29","3,47M","-0,18%"
"17.09.2019","3.045,47","3.052,12","3.055,34","3.027,95","4,19M","-0,22%"
"16.09.2019","3.052,20","3.032,74","3.063,26","3.012,22","3,65M","0,64%"
"13.09.2019","3.032,81","3.017,79","3.037,72","3.009,42","3,82M","0,48%"
"12.09.2019","3.018,27","3.000,54","3.039,70","2.997,29","4,66M","0,60%"
"11.09.2019","3.000,21","2.992,81","3.030,14","2.992,48","4,70M","0,25%"
"10.09.2019","2.992,81","2.957,22","2.998,28","2.944,07","4,55M","1,22%"
"09.09.2019","2.956,86","2.937,12","2.959,26","2.936,80","3,23M","0,72%"
"06.09.2019","2.935,72","2.931,98","2.945,22","2.922,28","3,78M","0,16%"
"05.09.2019","2.930,92","2.908,75","2.941,14","2.906,06","4,26M","0,78%"
"04.09.2019","2.908,35","2.880,92","2.920,45","2.880,92","2,87M","0,96%"
"03.09.2019","2.880,78","2.908,53","2.909,07","2.866,96","3,08M","-0,93%"
"02.09.2019","2.907,92","2.908,69","2.919,62","2.901,98","3,34M","-0,11%"
"30.08.2019","2.911,15","2.887,20","2.919,76","2.884,13","4,41M","0,84%"
"29.08.2019","2.887,02","2.868,98","2.902,88","2.862,44","3,62M","0,65%"
"28.08.2019","2.868,31","2.896,04","2.901,92","2.850,04","3,97M","-0,96%"
"27.08.2019","2.896,19","2.897,11","2.916,97","2.881,89","3,72M","-0,04%"
"26.08.2019","2.897,47","2.896,64","2.909,45","2.872,27","2,02M","0,03%"
"23.08.2019","2.896,64","2.930,52","2.947,29","2.892,54","3,25M","-1,13%"
"22.08.2019","2.929,77","2.943,38","2.959,68","2.917,99","3,69M","-0,47%"
"21.08.2019","2.943,58","2.886,14","2.953,16","2.885,80","3,41M","2,01%"
"20.08.2019","2.885,72","2.906,47","2.924,72","2.885,58","3,19M","-0,72%"
"19.08.2019","2.906,62","2.857,02","2.917,75","2.857,02","3,93M","1,95%"
"16.08.2019","2.851,07","2.828,89","2.857,63","2.784,63","6,71M","0,84%"
"15.08.2019","2.827,36","2.848,56","2.851,02","2.798,78","4,32M","-0,73%"
"14.08.2019","2.848,19","2.896,36","2.897,13","2.831,64","5,02M","-1,67%"
"13.08.2019","2.896,66","2.875,62","2.919,09","2.839,23","5,07M","0,63%"
"12.08.2019","2.878,52","2.894,88","2.923,10","2.872,43","3,07M","-0,48%"
"09.08.2019","2.892,40","2.898,93","2.909,29","2.883,60","4,07M","-0,22%"
"08.08.2019","2.898,70","2.879,41","2.910,72","2.874,46","4,18M","0,70%"
"07.08.2019","2.878,41","2.891,76","2.909,66","2.864,10","4,50M","-0,41%"
"06.08.2019","2.890,19","2.895,34","2.918,66","2.886,18","3,61M","-0,15%"
"05.08.2019","2.894,45","2.946,67","2.950,67","2.876,40","4,42M","-1,77%"
"02.08.2019","2.946,66","2.960,79","2.962,80","2.911,00","4,93M","-0,49%"
"01.08.2019","2.961,20","2.984,05","2.995,19","2.949,29","3,55M","-0,80%"
"31.07.2019","2.984,94","2.976,10","2.992,27","2.957,37","4,32M","0,30%"
"30.07.2019","2.975,87","3.012,28","3.025,77","2.955,19","3,18M","-1,20%"
"29.07.2019","3.012,16","3.031,60","3.032,65","3.011,85","2,11M","-0,66%"
"26.07.2019","3.032,28","3.041,41","3.049,57","3.025,47","2,53M","-0,31%"
"25.07.2019","3.041,73","3.041,32","3.082,77","3.025,10","4,09M","0,03%"
"24.07.2019","3.040,95","3.017,67","3.047,43","3.009,35","3,10M","0,77%"
"23.07.2019","3.017,63","2.979,06","3.025,72","2.979,06","3,62M","1,44%"
"22.07.2019","2.974,72","2.947,96","2.976,22","2.947,84","2,92M","0,88%"
"19.07.2019","2.948,87","2.953,98","2.971,82","2.935,82","3,08M","-0,17%"
"18.07.2019","2.953,90","2.969,68","2.970,96","2.941,60","3,11M","-0,77%"
"17.07.2019","2.976,92","3.006,51","3.008,62","2.969,98","3,10M","-0,97%"
"16.07.2019","3.005,97","2.997,66","3.009,81","2.984,07","3,37M","0,28%"
"15.07.2019","2.997,53","3.001,28","3.020,78","2.993,24","3,72M","-0,14%"
"12.07.2019","3.001,63","2.990,00","3.012,93","2.985,97","3,87M","0,34%"
"11.07.2019","2.991,57","2.995,85","3.002,16","2.975,43","4,28M","-0,15%"
"10.07.2019","2.996,05","2.986,83","3.005,83","2.970,66","4,15M","0,32%"
"09.07.2019","2.986,39","3.023,53","3.023,88","2.972,92","3,79M","-1,23%"
"08.07.2019","3.023,66","3.028,64","3.047,31","3.022,78","3,35M","-0,15%"
"05.07.2019","3.028,19","3.033,06","3.044,41","3.011,08","3,14M","-0,16%"
"04.07.2019","3.033,02","3.009,96","3.039,20","3.007,27","3,17M","0,75%"
"03.07.2019","3.010,30","2.984,41","3.011,90","2.972,27","3,21M","0,84%"
"02.07.2019","2.985,18","3.005,98","3.015,54","2.974,89","3,61M","-0,74%"
"01.07.2019","3.007,30","2.977,56","3.031,09","2.977,56","4,10M","0,99%"
"28.06.2019","2.977,68","2.946,96","2.980,42","2.946,67","4,41M","1,09%"
"27.06.2019","2.945,57","2.946,95","2.973,35","2.943,28","3,43M","-0,05%"
"26.06.2019","2.946,95","2.924,33","2.952,66","2.915,39","3,85M","0,79%"
"25.06.2019","2.923,73","2.945,11","2.945,11","2.918,64","4,78M","-0,74%"
"24.06.2019","2.945,41","2.951,43","2.976,88","2.937,10","3,30M","-0,19%"
"21.06.2019","2.951,09","2.955,74","2.986,24","2.949,00","16,76M","-0,14%"
"20.06.2019","2.955,33","2.956,72","2.982,43","2.950,40","3,33M","-0,04%"
"19.06.2019","2.956,65","2.965,61","2.969,79","2.936,36","4,99M","-0,25%"
"18.06.2019","2.964,04","2.919,70","2.979,81","2.905,69","4,78M","1,52%"
"17.06.2019","2.919,67","2.940,52","2.951,24","2.919,67","3,39M","-0,70%"
"14.06.2019","2.940,35","2.949,41","2.953,08","2.932,81","3,28M","-0,30%"
"13.06.2019","2.949,33","2.944,51","2.969,44","2.932,18","4,35M","0,19%"
"12.06.2019","2.943,88","2.970,45","2.970,62","2.936,55","3,68M","-0,91%"
"11.06.2019","2.971,00","2.934,80","2.986,87","2.934,80","4,38M","1,23%"
"07.06.2019","2.934,88","2.911,51","2.941,75","2.910,32","3,29M","0,79%"
"06.06.2019","2.911,82","2.930,45","2.952,76","2.904,64","4,12M","-0,64%"
"05.06.2019","2.930,45","2.929,51","2.958,10","2.912,93","4,45M","0,05%"
"04.06.2019","2.929,06","2.897,61","2.938,46","2.890,59","5,02M","1,06%"
"03.06.2019","2.898,40","2.897,01","2.901,88","2.859,49","4,52M","0,03%"
"31.05.2019","2.897,45","2.922,02","2.922,02","2.877,96","4,87M","-0,80%"
"30.05.2019","2.920,88","2.903,51","2.927,95","2.903,51","2,76M","0,57%"
"29.05.2019","2.904,31","2.942,42","2.942,42","2.898,23","5,68M","-1,54%"
"28.05.2019","2.949,71","2.954,94","2.967,92","2.939,99","5,87M","-0,17%"
"27.05.2019","2.954,63","2.954,60","2.980,59","2.947,55","1,91M","0,01%"
"24.05.2019","2.954,42","2.948,81","2.973,83","2.945,62","4,55M","0,18%"
"23.05.2019","2.949,25","3.008,37","3.008,37","2.938,03","4,89M","-1,96%"
"22.05.2019","3.008,18","3.026,32","3.026,32","2.996,02","4,35M","-0,60%"
"21.05.2019","3.026,21","3.014,95","3.032,94","2.991,31","4,12M","0,37%"
"20.05.2019","3.014,95","3.057,42","3.057,54","3.002,17","4,01M","-1,42%"
"17.05.2019","3.058,50","3.072,13","3.072,90","3.038,94","4,24M","-0,44%"
"16.05.2019","3.072,07","3.045,16","3.080,02","3.030,04","4,16M","0,92%"
"15.05.2019","3.044,06","3.048,88","3.057,32","3.011,91","4,39M","-0,11%"
"14.05.2019","3.047,34","3.009,74","3.051,26","3.009,06","4,70M","1,25%"
"13.05.2019","3.009,80","3.051,79","3.051,90","3.000,32","3,86M","-1,35%"
"10.05.2019","3.050,92","3.016,69","3.082,84","3.016,44","3,64M","1,16%"
"09.05.2019","3.016,00","3.090,88","3.091,04","3.010,20","3,78M","-2,37%"
"08.05.2019","3.089,34","3.095,73","3.119,46","3.069,30","3,91M","-0,24%"
"07.05.2019","3.096,82","3.135,91","3.137,71","3.088,74","3,98M","-1,22%"
"06.05.2019","3.135,08","3.170,40","3.170,40","3.099,52","3,36M","-1,23%"
"03.05.2019","3.174,22","3.192,68","3.204,56","3.172,10","3,89M","-0,52%"
"02.05.2019","3.190,85","3.215,12","3.224,78","3.170,10","4,24M","-0,74%"
"30.04.2019","3.214,79","3.228,39","3.235,59","3.212,66","3,40M","-0,42%"
"29.04.2019","3.228,45","3.227,73","3.235,64","3.191,75","3,11M","0,02%"
"26.04.2019","3.227,76","3.244,53","3.244,53","3.212,46","3,27M","-0,52%"
"25.04.2019","3.244,47","3.261,99","3.262,24","3.226,74","2,66M","-0,54%"
"24.04.2019","3.262,08","3.297,84","3.299,61","3.251,74","3,38M","-1,08%"
"23.04.2019","3.297,67","3.301,84","3.308,91","3.272,58","3,90M","-0,11%"
"18.04.2019","3.301,38","3.292,30","3.304,80","3.249,29","3,34M","0,27%"
"17.04.2019","3.292,34","3.266,50","3.292,34","3.259,60","3,67M","0,78%"
"16.04.2019","3.266,75","3.249,21","3.269,70","3.249,21","3,64M","0,55%"
"15.04.2019","3.248,83","3.215,63","3.250,14","3.208,89","3,37M","1,03%"
"12.04.2019","3.215,63","3.171,48","3.227,69","3.164,31","3,94M","1,40%"
"11.04.2019","3.171,25","3.142,73","3.178,91","3.140,66","3,36M","0,86%"
"10.04.2019","3.144,14","3.118,16","3.154,03","3.115,20","3,67M","0,87%"
"09.04.2019","3.117,01","3.110,85","3.138,40","3.103,55","3,15M","0,19%"
"08.04.2019","3.110,97","3.153,84","3.155,79","3.110,97","3,23M","-1,39%"
"05.04.2019","3.154,90","3.122,80","3.160,46","3.121,14","3,72M","1,03%"
"04.04.2019","3.122,65","3.131,50","3.136,32","3.103,67","3,16M","-0,28%"
"03.04.2019","3.131,48","3.093,84","3.132,59","3.093,84","3,57M","1,23%"
"02.04.2019","3.093,55","3.076,39","3.101,81","3.076,39","3,42M","0,54%"
"01.04.2019","3.076,80","3.034,18","3.085,79","3.034,03","4,03M","1,41%"
"29.03.2019","3.034,04","3.020,68","3.041,94","3.017,61","3,88M","0,44%"
"28.03.2019","3.020,87","3.038,58","3.052,65","3.012,68","2,92M","-0,56%"
"27.03.2019","3.038,01","3.039,39","3.062,90","3.027,31","3,73M","0,08%"
"26.03.2019","3.035,59","3.016,15","3.047,76","3.016,15","3,47M","0,68%"
"25.03.2019","3.015,14","3.039,70","3.045,28","3.009,50","3,30M","-0,83%"
"22.03.2019","3.040,41","3.079,84","3.101,39","3.036,32","3,98M","-1,30%"
"21.03.2019","3.080,52","3.065,17","3.085,48","3.048,63","3,19M","0,49%"
"20.03.2019","3.065,52","3.077,73","3.078,84","3.045,73","3,75M","-0,39%"
"19.03.2019","3.077,38","3.070,95","3.102,21","3.066,71","3,86M","0,22%"
"18.03.2019","3.070,74","3.042,13","3.071,69","3.042,13","4,38M","0,96%"
"15.03.2019","3.041,67","3.041,68","3.058,06","3.015,50","16,78M","-0,01%"
"14.03.2019","3.042,06","2.992,65","3.042,37","2.992,42","4,48M","1,73%"
"13.03.2019","2.990,35","2.952,22","2.994,51","2.949,82","4,76M","1,38%"
"12.03.2019","2.949,50","2.947,16","2.979,33","2.946,40","4,14M","0,06%"
"11.03.2019","2.947,70","2.936,97","2.954,13","2.936,79","3,69M","0,34%"
"08.03.2019","2.937,57","2.974,83","2.974,83","2.924,14","4,93M","-1,24%"
"07.03.2019","2.974,51","3.012,71","3.021,75","2.964,60","4,90M","-1,27%"
"06.03.2019","3.012,77","3.046,21","3.047,91","3.007,37","4,76M","-1,09%"
"05.03.2019","3.046,07","3.067,77","3.075,78","3.027,15","6,90M","-0,70%"
"04.03.2019","3.067,68","3.063,79","3.084,80","3.062,66","3,11M","0,20%"
"01.03.2019","3.061,70","3.040,67","3.074,87","3.040,11","4,07M","0,68%"
"28.02.2019","3.040,92","3.027,09","3.047,99","2.998,08","5,21M","0,45%"
"27.02.2019","3.027,35","3.018,92","3.027,35","3.001,66","3,13M","0,26%"
"26.02.2019","3.019,47","3.020,16","3.027,41","3.003,98","3,03M","-0,02%"
"25.02.2019","3.020,16","3.028,66","3.050,87","3.016,25","2,79M","-0,28%"
"22.02.2019","3.028,66","3.027,90","3.052,90","3.020,06","3,71M","0,01%"
"21.02.2019","3.028,22","3.061,98","3.076,55","3.020,73","4,44M","-1,09%"
"20.02.2019","3.061,64","3.023,19","3.066,52","3.022,31","3,41M","1,32%"
"19.02.2019","3.021,76","3.024,54","3.026,70","3.005,94","2,82M","-0,07%"
"18.02.2019","3.023,92","3.023,67","3.039,33","3.015,45","2,87M","0,01%"
"15.02.2019","3.023,76","2.957,95","3.031,07","2.956,81","3,79M","2,11%"
"14.02.2019","2.961,39","2.994,90","3.007,80","2.960,07","4,14M","-1,13%"
"13.02.2019","2.995,27","3.015,03","3.028,72","2.994,82","3,76M","-0,64%"
"12.02.2019","3.014,48","2.988,17","3.023,39","2.988,17","3,36M","0,88%"
"11.02.2019","2.988,17","2.964,99","3.001,11","2.964,99","3,85M","0,82%"
"08.02.2019","2.963,97","3.001,79","3.006,55","2.957,30","4,65M","-1,26%"
"07.02.2019","3.001,71","3.041,44","3.050,88","2.995,39","4,63M","-1,35%"
"06.02.2019","3.042,84","3.017,24","3.050,49","3.007,16","3,77M","0,85%"
"05.02.2019","3.017,08","2.995,28","3.034,97","2.995,28","3,74M","0,73%"
"04.02.2019","2.995,10","2.991,55","3.014,70","2.983,21","3,80M","0,14%"
"01.02.2019","2.991,05","2.987,64","3.017,02","2.982,86","3,16M","0,19%"
"31.01.2019","2.985,45","3.000,38","3.026,60","2.984,80","4,64M","-0,50%"
"30.01.2019","3.000,38","2.966,99","3.000,38","2.958,68","3,15M","1,11%"
"29.01.2019","2.967,35","2.965,76","2.987,22","2.959,12","3,12M","0,05%"
"28.01.2019","2.965,76","2.998,24","3.009,93","2.953,25","3,66M","-1,07%"
"25.01.2019","2.997,81","2.944,05","3.003,71","2.944,05","4,16M","1,97%"
"24.01.2019","2.939,99","2.936,18","2.969,11","2.927,23","3,55M","0,14%"
"23.01.2019","2.935,88","2.951,00","2.958,89","2.929,65","3,16M","-0,40%"
"22.01.2019","2.947,70","2.960,39","2.966,66","2.936,77","3,10M","-0,46%"
"21.01.2019","2.961,22","2.987,55","2.998,36","2.957,20","2,36M","-0,88%"
"18.01.2019","2.987,48","2.916,92","2.993,72","2.916,92","4,15M","2,42%"
"17.01.2019","2.916,92","2.929,37","2.931,65","2.893,76","5,30M","-0,41%"
"16.01.2019","2.928,88","2.893,52","2.932,72","2.893,52","3,62M","1,24%"
"15.01.2019","2.892,98","2.878,37","2.908,33","2.867,28","3,33M","0,50%"
"14.01.2019","2.878,61","2.903,83","2.907,47","2.857,90","3,79M","-0,87%"
"11.01.2019","2.903,83","2.922,73","2.944,02","2.899,91","3,50M","-0,63%"
"10.01.2019","2.922,10","2.930,85","2.935,62","2.899,94","3,46M","-0,29%"
"09.01.2019","2.930,63","2.895,04","2.955,70","2.891,53","5,47M","1,23%"
"08.01.2019","2.895,04","2.893,84","2.920,42","2.871,79","4,69M","0,06%"
"07.01.2019","2.893,19","2.857,40","2.893,19","2.857,40","4,23M","1,21%"
"04.01.2019","2.858,49","2.771,73","2.862,24","2.771,73","4,90M","3,14%"
"03.01.2019","2.771,45","2.769,77","2.800,04","2.741,61","4,06M","0,02%"
"02.01.2019","2.770,85","2.746,17","2.772,55","2.721,51","4,89M","0,91%"
"28.12.2018","2.745,78","2.681,37","2.750,26","2.681,37","3,01M","2,41%"
"27.12.2018","2.681,25","2.714,38","2.748,73","2.674,71","5,51M","-1,21%"
"21.12.2018","2.714,11","2.749,64","2.749,64","2.702,14","12,15M","-1,31%"
"20.12.2018","2.750,27","2.826,34","2.826,34","2.722,01","6,09M","-2,73%"
"19.12.2018","2.827,36","2.888,67","2.888,67","2.793,63","6,31M","-2,12%"
"18.12.2018","2.888,67","2.862,76","2.891,18","2.825,31","6,86M","0,90%"
"17.12.2018","2.862,87","2.911,13","2.911,13","2.853,42","4,29M","-1,69%"
"14.12.2018","2.911,96","2.908,07","2.912,08","2.881,63","4,47M","0,12%"
"13.12.2018","2.908,53","2.929,74","2.940,74","2.904,91","4,74M","-0,68%"
"12.12.2018","2.928,30","2.875,96","2.940,36","2.872,37","5,99M","1,82%"
"11.12.2018","2.875,96","2.842,35","2.882,97","2.841,59","5,78M","1,20%"
"10.12.2018","2.841,82","2.935,96","2.935,96","2.839,61","4,89M","-3,20%"
"07.12.2018","2.935,64","2.917,73","2.968,49","2.917,73","4,73M","0,63%"
"06.12.2018","2.917,15","3.016,18","3.016,18","2.907,87","5,65M","-3,28%"
"05.12.2018","3.016,18","3.056,13","3.056,13","3.008,29","4,21M","-1,37%"
"04.12.2018","3.058,05","3.111,34","3.117,14","3.054,81","3,71M","-1,71%"
"03.12.2018","3.111,25","3.074,14","3.149,52","3.074,14","4,02M","1,18%"
"30.11.2018","3.074,94","3.066,81","3.081,63","3.058,20","13,27M","0,26%"
"29.11.2018","3.066,98","3.038,31","3.075,00","3.038,01","4,38M","0,96%"
"28.11.2018","3.037,86","3.017,64","3.039,31","3.007,45","3,56M","0,69%"
"27.11.2018","3.016,92","3.033,15","3.037,65","3.002,83","4,16M","-0,54%"
"26.11.2018","3.033,20","3.019,89","3.050,40","3.018,15","3,94M","0,44%"
"23.11.2018","3.019,77","3.046,67","3.054,37","3.009,73","2,82M","-0,76%"
"22.11.2018","3.042,90","3.073,28","3.080,20","3.042,90","2,94M","-1,07%"
"21.11.2018","3.075,92","3.033,11","3.085,79","3.033,11","4,06M","1,53%"
"20.11.2018","3.029,49","3.078,70","3.078,70","3.019,06","5,23M","-1,62%"
"19.11.2018","3.079,30","3.134,10","3.158,77","3.079,08","3,34M","-1,75%"
"16.11.2018","3.134,10","3.134,72","3.160,87","3.121,09","3,66M","-0,03%"
"15.11.2018","3.135,11","3.151,80","3.176,76","3.117,03","3,67M","-0,53%"
"14.11.2018","3.151,94","3.143,08","3.168,32","3.128,37","4,06M","0,30%"
"13.11.2018","3.142,54","3.160,53","3.184,25","3.124,73","3,77M","-0,60%"
"12.11.2018","3.161,52","3.199,00","3.219,68","3.158,67","3,36M","-1,15%"
"09.11.2018","3.198,21","3.218,98","3.221,93","3.176,30","3,48M","-0,79%"
"08.11.2018","3.223,61","3.203,57","3.249,51","3.202,74","5,58M","0,63%"
"07.11.2018","3.203,53","3.157,72","3.218,31","3.150,06","4,35M","1,44%"
"06.11.2018","3.157,90","3.177,93","3.194,33","3.133,24","3,70M","-0,62%"
"05.11.2018","3.177,72","3.190,77","3.200,64","3.161,25","3,09M","-0,41%"
"02.11.2018","3.190,80","3.163,73","3.220,13","3.163,73","6,38M","0,94%"
"31.10.2018","3.161,09","3.086,50","3.186,49","3.086,50","5,38M","2,40%"
"30.10.2018","3.086,87","3.071,20","3.107,20","3.071,02","4,02M","0,44%"
"29.10.2018","3.073,36","3.070,59","3.127,73","3.069,38","4,78M","0,08%"
"25.10.2018","3.070,91","3.049,65","3.085,02","3.032,65","6,33M","0,67%"
"24.10.2018","3.050,47","3.123,21","3.141,25","3.050,25","5,93M","-2,32%"
"23.10.2018","3.123,03","3.222,12","3.222,12","3.115,37","5,40M","-3,08%"
"22.10.2018","3.222,40","3.228,60","3.261,31","3.218,64","3,13M","-0,17%"
"19.10.2018","3.228,04","3.261,19","3.268,86","3.213,81","4,51M","-1,03%"
"18.10.2018","3.261,78","3.287,36","3.301,86","3.260,21","3,09M","-0,74%"
"17.10.2018","3.286,04","3.275,67","3.305,72","3.273,03","3,84M","0,37%"
"16.10.2018","3.274,03","3.222,27","3.281,05","3.221,47","4,40M","1,61%"
"15.10.2018","3.222,04","3.201,35","3.232,65","3.194,97","3,55M","0,65%"
"12.10.2018","3.201,13","3.204,11","3.233,69","3.199,47","5,08M","-0,09%"
"11.10.2018","3.204,11","3.253,81","3.253,81","3.169,26","6,49M","-1,50%"
"10.10.2018","3.252,83","3.332,68","3.336,52","3.250,40","6,58M","-2,43%"
"09.10.2018","3.333,78","3.335,34","3.343,34","3.323,11","4,03M","-0,03%"
"08.10.2018","3.334,68","3.367,78","3.372,35","3.320,20","3,67M","-1,01%"
"05.10.2018","3.368,80","3.398,58","3.404,57","3.359,42","3,80M","-0,88%"
"04.10.2018","3.398,58","3.395,90","3.419,93","3.389,19","3,77M","0,10%"
"03.10.2018","3.395,27","3.380,63","3.410,20","3.380,63","2,27M","0,45%"
"02.10.2018","3.379,92","3.364,32","3.388,56","3.344,39","4,07M","0,44%"
"01.10.2018","3.364,98","3.347,34","3.397,23","3.344,51","3,75M","0,63%"
"28.09.2018","3.344,04","3.376,28","3.376,28","3.331,18","5,01M","-0,92%"
"27.09.2018","3.374,98","3.382,55","3.383,36","3.343,78","3,26M","-0,25%"
"26.09.2018","3.383,41","3.387,20","3.399,28","3.366,82","3,24M","-0,03%"
"25.09.2018","3.384,44","3.367,85","3.394,99","3.366,57","3,53M","0,49%"
"24.09.2018","3.367,85","3.368,28","3.390,44","3.367,46","3,18M","-0,03%"
"21.09.2018","3.368,91","3.380,85","3.392,81","3.352,02","8,46M","-0,35%"
"20.09.2018","3.380,70","3.374,75","3.402,60","3.372,31","4,17M","0,16%"
"19.09.2018","3.375,21","3.345,36","3.384,75","3.345,29","3,70M","0,89%"
"18.09.2018","3.345,36","3.324,36","3.346,32","3.323,13","3,36M","0,63%"
"17.09.2018","3.324,36","3.329,35","3.349,60","3.319,83","2,90M","-0,14%"
"14.09.2018","3.329,08","3.306,02","3.337,58","3.304,21","2,84M","0,65%"
"13.09.2018","3.307,72","3.305,13","3.325,24","3.300,63","2,91M","0,05%"
"12.09.2018","3.306,09","3.281,71","3.311,34","3.281,34","3,00M","0,77%"
"11.09.2018","3.280,93","3.273,78","3.287,60","3.256,13","3,01M","0,22%"
"10.09.2018","3.273,74","3.266,44","3.278,20","3.256,28","2,90M","0,33%"
"07.09.2018","3.262,92","3.253,98","3.265,80","3.238,23","3,61M","0,35%"
"06.09.2018","3.251,38","3.280,19","3.296,45","3.250,49","3,06M","-0,89%"
"05.09.2018","3.280,44","3.300,57","3.303,76","3.274,29","3,78M","-0,59%"
"04.09.2018","3.299,89","3.312,95","3.329,95","3.290,35","2,89M","-0,40%"
"03.09.2018","3.313,19","3.300,30","3.329,36","3.300,21","2,42M","0,41%"
"31.08.2018","3.299,75","3.318,04","3.322,27","3.291,09","3,92M","-0,55%"
"30.08.2018","3.318,04","3.333,55","3.335,34","3.311,43","3,02M","-0,40%"
"29.08.2018","3.331,33","3.329,32","3.340,69","3.309,97","2,75M","0,05%"
"28.08.2018","3.329,76","3.315,63","3.329,76","3.306,65","2,60M","0,43%"
"27.08.2018","3.315,37","3.295,07","3.322,64","3.289,28","1,99M","0,62%"
"24.08.2018","3.295,07","3.286,96","3.302,09","3.276,11","2,64M","0,13%"
"23.08.2018","3.290,67","3.296,20","3.307,69","3.287,23","2,80M","-0,18%"
"22.08.2018","3.296,46","3.284,73","3.311,06","3.282,57","2,60M","0,36%"
"21.08.2018","3.284,64","3.243,49","3.299,34","3.237,15","2,61M","1,20%"
"20.08.2018","3.245,56","3.265,20","3.285,01","3.245,56","2,62M","-0,57%"
"17.08.2018","3.264,07","3.261,68","3.268,17","3.239,01","3,12M","0,03%"
"16.08.2018","3.263,13","3.287,44","3.288,51","3.261,54","3,72M","-0,73%"
"14.08.2018","3.287,28","3.298,00","3.310,68","3.272,49","2,97M","-0,34%"
"13.08.2018","3.298,45","3.326,45","3.326,62","3.276,17","3,05M","-0,84%"
"10.08.2018","3.326,45","3.363,69","3.367,89","3.301,08","3,62M","-1,11%"
"09.08.2018","3.363,69","3.414,30","3.417,29","3.355,66","4,14M","-1,46%"
"08.08.2018","3.413,55","3.452,16","3.457,44","3.406,80","2,98M","-1,11%"
"07.08.2018","3.452,00","3.428,10","3.469,12","3.425,02","3,48M","0,70%"
"06.08.2018","3.427,94","3.416,54","3.433,90","3.410,97","2,83M","0,32%"
"03.08.2018","3.417,01","3.396,42","3.446,55","3.392,08","3,42M","0,58%"
"02.08.2018","3.397,20","3.427,63","3.430,02","3.391,88","4,19M","-0,85%"
"01.08.2018","3.426,17","3.424,12","3.439,79","3.407,61","3,37M","0,14%"
"31.07.2018","3.421,37","3.400,83","3.438,97","3.388,54","4,59M","0,61%"
"30.07.2018","3.400,51","3.403,97","3.411,01","3.387,56","2,42M","-0,12%"
"27.07.2018","3.404,73","3.391,37","3.407,03","3.375,15","2,86M","0,39%"
"26.07.2018","3.391,55","3.364,79","3.400,07","3.363,93","3,70M","0,80%"
"25.07.2018","3.364,52","3.355,18","3.376,23","3.355,18","3,35M","0,26%"
"24.07.2018","3.355,65","3.306,65","3.374,78","3.306,65","4,19M","1,51%"
"23.07.2018","3.305,69","3.309,32","3.312,26","3.296,07","2,48M","-0,09%"
"20.07.2018","3.308,54","3.302,48","3.311,80","3.275,68","3,24M","0,20%"
"19.07.2018","3.302,07","3.312,35","3.313,75","3.289,34","3,15M","-0,30%"
"18.07.2018","3.311,85","3.283,57","3.315,79","3.283,11","3,70M","0,89%"
"17.07.2018","3.282,75","3.294,39","3.301,22","3.270,64","3,29M","-0,26%"
"16.07.2018","3.291,32","3.281,86","3.307,86","3.272,67","2,73M","0,19%"
"13.07.2018","3.285,14","3.268,04","3.293,40","3.264,98","3,15M","0,37%"
"12.07.2018","3.273,06","3.252,39","3.281,35","3.244,34","3,51M","0,64%"
"11.07.2018","3.252,13","3.307,06","3.307,22","3.249,37","3,94M","-1,65%"
"10.07.2018","3.306,82","3.281,71","3.308,87","3.281,71","2,98M","0,77%"
"09.07.2018","3.281,40","3.268,94","3.287,88","3.266,69","2,59M","0,38%"
"06.07.2018","3.268,94","3.261,76","3.282,22","3.252,06","3,51M","0,22%"
"05.07.2018","3.261,67","3.256,18","3.298,72","3.251,58","3,48M","0,20%"
"04.07.2018","3.255,09","3.224,58","3.261,83","3.221,44","2,72M","0,95%"
"03.07.2018","3.224,40","3.230,04","3.255,02","3.224,40","3,56M","-0,15%"
"02.07.2018","3.229,30","3.254,86","3.254,86","3.216,25","3,96M","-0,82%"
"29.06.2018","3.255,96","3.244,41","3.277,75","3.244,23","4,64M","0,32%"
"28.06.2018","3.245,47","3.263,38","3.270,15","3.218,34","3,72M","-0,58%"
"27.06.2018","3.264,51","3.231,37","3.273,89","3.188,45","5,27M","1,05%"
"26.06.2018","3.230,53","3.227,19","3.260,43","3.226,51","4,07M","0,09%"
"25.06.2018","3.227,56","3.289,69","3.298,06","3.227,36","6,37M","-1,80%"
"22.06.2018","3.286,74","3.245,93","3.291,72","3.245,93","5,13M","1,25%"
"21.06.2018","3.246,20","3.249,18","3.264,21","3.233,11","4,90M","-0,07%"
"20.06.2018","3.248,53","3.268,60","3.287,85","3.248,43","5,03M","-0,61%"
"19.06.2018","3.268,60","3.308,38","3.308,38","3.257,31","6,20M","-1,23%"
"18.06.2018","3.309,44","3.349,13","3.349,13","3.306,15","5,02M","-1,19%"
"15.06.2018","3.349,25","3.375,64","3.375,64","3.338,56","21,03M","-0,79%"
"14.06.2018","3.375,82","3.357,74","3.381,70","3.332,71","5,74M","0,55%"
"13.06.2018","3.357,27","3.377,97","3.389,64","3.342,62","6,46M","-0,62%"
"12.06.2018","3.378,19","3.381,65","3.401,28","3.375,20","5,76M","-0,10%"
"11.06.2018","3.381,52","3.349,77","3.385,41","3.344,69","5,52M","0,96%"
"08.06.2018","3.349,23","3.356,95","3.357,36","3.319,45","4,93M","-0,22%"
"07.06.2018","3.356,64","3.301,45","3.365,80","3.301,45","6,20M","1,70%"
"06.06.2018","3.300,44","3.267,08","3.320,65","3.267,08","9,20M","0,99%"
"05.06.2018","3.268,10","3.330,03","3.354,19","3.267,31","5,92M","-1,97%"
"04.06.2018","3.333,86","3.358,37","3.383,32","3.316,92","6,28M","-0,69%"
"01.06.2018","3.357,10","3.361,38","3.403,08","3.326,90","9,23M","-0,16%"
"30.05.2018","3.362,46","3.331,21","3.363,00","3.315,01","10,45M","0,92%"
"29.05.2018","3.331,66","3.405,29","3.405,29","3.272,13","9,33M","-2,15%"
"28.05.2018","3.404,75","3.404,96","3.425,51","3.383,84","3,07M","-0,02%"
"25.05.2018","3.405,35","3.438,27","3.438,42","3.379,49","5,26M","-0,84%"
"24.05.2018","3.434,15","3.481,66","3.483,16","3.418,56","5,45M","-1,37%"
"23.05.2018","3.481,84","3.514,37","3.514,71","3.461,97","5,83M","-0,93%"
"22.05.2018","3.514,46","3.485,74","3.523,52","3.481,23","4,88M","0,82%"
"18.05.2018","3.485,79","3.510,15","3.510,15","3.475,95","5,87M","-0,70%"
"17.05.2018","3.510,28","3.489,18","3.517,63","3.478,25","4,80M","0,57%"
"16.05.2018","3.490,50","3.530,77","3.535,35","3.490,50","5,00M","-1,15%"
"15.05.2018","3.531,05","3.512,61","3.548,60","3.509,30","4,91M","0,52%"
"14.05.2018","3.512,71","3.522,12","3.524,86","3.498,12","6,07M","-0,27%"
"11.05.2018","3.522,17","3.499,34","3.537,16","3.478,95","6,21M","0,63%"
"09.05.2018","3.500,16","3.461,31","3.500,57","3.458,30","5,87M","1,18%"
"08.05.2018","3.459,33","3.484,57","3.484,57","3.440,79","6,74M","-0,72%"
"07.05.2018","3.484,31","3.452,87","3.487,16","3.452,87","3,89M","0,92%"
"04.05.2018","3.452,71","3.473,76","3.475,10","3.427,41","4,79M","-0,64%"
"03.05.2018","3.474,98","3.476,13","3.482,24","3.453,50","4,40M","-0,02%"
"02.05.2018","3.475,77","3.467,74","3.497,76","3.461,41","4,72M","0,21%"
"30.04.2018","3.468,47","3.478,42","3.482,17","3.457,83","5,44M","-0,26%"
"27.04.2018","3.477,34","3.461,00","3.486,82","3.458,30","3,62M","0,47%"
"26.04.2018","3.461,00","3.447,83","3.466,14","3.445,11","4,36M","0,51%"
"25.04.2018","3.443,42","3.519,51","3.519,51","3.430,31","5,57M","-2,16%"
"24.04.2018","3.519,36","3.494,26","3.519,36","3.486,65","6,33M","0,70%"
"23.04.2018","3.494,79","3.480,22","3.502,18","3.474,08","4,53M","0,40%"
"20.04.2018","3.480,95","3.475,11","3.485,48","3.460,06","5,94M","0,17%"
"19.04.2018","3.475,11","3.452,53","3.476,74","3.452,53","5,87M","0,76%"
"18.04.2018","3.448,75","3.425,37","3.451,99","3.421,71","9,20M","0,68%"
"17.04.2018","3.425,31","3.416,49","3.441,89","3.415,95","4,98M","0,29%"
"16.04.2018","3.415,54","3.416,87","3.437,24","3.412,51","4,44M","-0,04%"
"13.04.2018","3.417,03","3.421,21","3.455,56","3.409,50","4,93M","-0,12%"
"12.04.2018","3.421,10","3.364,59","3.434,68","3.364,54","5,84M","1,66%"
"11.04.2018","3.365,14","3.393,21","3.421,49","3.354,77","8,95M","-0,93%"
"10.04.2018","3.396,67","3.374,11","3.408,05","3.348,69","7,75M","0,82%"
"09.04.2018","3.368,93","3.453,53","3.457,94","3.357,66","6,66M","-2,41%"
"06.04.2018","3.452,24","3.482,11","3.488,04","3.446,36","6,98M","-0,88%"
"05.04.2018","3.482,74","3.390,86","3.488,30","3.390,80","6,62M","2,73%"
"04.04.2018","3.390,18","3.402,49","3.422,25","3.357,68","7,64M","-0,36%"
"03.04.2018","3.402,44","3.427,73","3.431,68","3.397,94","7,29M","-0,76%"
"29.03.2018","3.428,53","3.429,19","3.447,78","3.420,28","6,40M","0,00%"
"28.03.2018","3.428,51","3.421,06","3.431,70","3.373,12","6,80M","0,20%"
"27.03.2018","3.421,61","3.405,16","3.447,77","3.405,16","6,29M","0,27%"
"26.03.2018","3.412,51","3.409,68","3.444,09","3.398,77","5,51M","0,07%"
"23.03.2018","3.410,05","3.438,05","3.438,80","3.371,78","7,02M","-0,80%"
"22.03.2018","3.437,68","3.495,12","3.528,27","3.419,92","10,46M","-1,68%"
"21.03.2018","3.496,43","3.483,74","3.502,64","3.476,89","8,65M","0,37%"
"20.03.2018","3.483,69","3.457,00","3.489,75","3.449,81","7,78M","0,75%"
"19.03.2018","3.457,81","3.443,03","3.466,33","3.426,60","10,87M","0,41%"
"16.03.2018","3.443,71","3.419,21","3.454,66","3.409,75","19,72M","0,66%"
"15.03.2018","3.421,03","3.432,93","3.451,27","3.410,85","5,38M","-0,15%"
"14.03.2018","3.426,19","3.448,40","3.463,60","3.415,26","5,85M","-0,64%"
"13.03.2018","3.448,38","3.483,46","3.506,55","3.443,86","4,99M","-1,01%"
"12.03.2018","3.483,46","3.485,90","3.499,46","3.474,94","4,85M","-0,06%"
"09.03.2018","3.485,51","3.462,87","3.486,56","3.457,08","5,36M","0,65%"
"08.03.2018","3.462,87","3.438,13","3.488,50","3.437,45","5,91M","0,72%"
"07.03.2018","3.438,00","3.445,12","3.445,12","3.419,10","4,95M","-0,22%"
"06.03.2018","3.445,41","3.406,29","3.477,44","3.405,55","5,11M","1,23%"
"05.03.2018","3.403,67","3.384,84","3.414,51","3.372,46","6,02M","0,45%"
"02.03.2018","3.388,58","3.447,83","3.447,83","3.362,11","7,52M","-1,74%"
"01.03.2018","3.448,50","3.475,30","3.475,69","3.435,19","7,70M","-0,79%"
"28.02.2018","3.476,04","3.429,74","3.502,76","3.424,00","10,37M","1,36%"
"27.02.2018","3.429,24","3.410,44","3.436,28","3.395,32","8,35M","0,57%"
"26.02.2018","3.409,94","3.410,14","3.432,51","3.405,17","4,37M","0,06%"
"23.02.2018","3.408,06","3.417,67","3.422,61","3.386,69","6,06M","-0,27%"
"22.02.2018","3.417,26","3.427,05","3.427,84","3.393,22","4,46M","-0,29%"
"21.02.2018","3.427,32","3.403,25","3.437,08","3.384,02","4,18M","0,72%"
"20.02.2018","3.402,96","3.409,78","3.417,54","3.392,17","3,83M","-0,18%"
"19.02.2018","3.409,26","3.407,61","3.424,71","3.404,11","3,15M","0,04%"
"16.02.2018","3.407,99","3.392,52","3.430,30","3.390,15","4,46M","0,46%"
"15.02.2018","3.392,38","3.388,82","3.441,05","3.381,92","5,57M","0,13%"
"14.02.2018","3.387,87","3.386,41","3.402,99","3.360,49","6,26M","0,07%"
"13.02.2018","3.385,63","3.399,97","3.423,61","3.381,48","5,03M","-0,43%"
"12.02.2018","3.400,11","3.354,78","3.418,14","3.354,78","5,47M","1,37%"
"09.02.2018","3.354,12","3.396,43","3.396,43","3.329,18","8,51M","-1,31%"
"08.02.2018","3.398,48","3.508,98","3.514,88","3.388,67","7,82M","-3,13%"
"07.02.2018","3.508,42","3.408,05","3.521,32","3.408,05","7,50M","2,94%"
"06.02.2018","3.408,19","3.506,13","3.506,13","3.297,19","13,77M","-2,81%"
"05.02.2018","3.506,85","3.538,01","3.538,01","3.493,27","7,97M","-0,88%"
"02.02.2018","3.538,13","3.586,88","3.601,40","3.532,59","4,66M","-1,37%"
"01.02.2018","3.587,39","3.593,71","3.644,48","3.587,39","5,43M","-0,19%"
"31.01.2018","3.594,27","3.597,68","3.627,23","3.557,27","6,27M","-0,09%"
"30.01.2018","3.597,68","3.630,26","3.637,96","3.597,52","4,63M","-1,07%"
"29.01.2018","3.636,62","3.656,31","3.670,43","3.631,59","4,32M","-0,54%"
"26.01.2018","3.656,26","3.653,64","3.657,06","3.635,88","4,04M","0,10%"
"25.01.2018","3.652,52","3.673,23","3.674,15","3.639,68","5,70M","-0,56%"
"24.01.2018","3.673,12","3.688,91","3.700,37","3.667,78","3,97M","-0,42%"
"23.01.2018","3.688,78","3.683,63","3.692,42","3.671,36","4,10M","0,20%"
"22.01.2018","3.681,57","3.643,38","3.686,57","3.641,96","5,35M","1,06%"
"19.01.2018","3.643,00","3.627,79","3.658,50","3.622,17","5,79M","0,40%"
"18.01.2018","3.628,34","3.627,73","3.638,78","3.610,29","4,28M","0,01%"
"17.01.2018","3.628,08","3.611,23","3.631,27","3.600,57","4,32M","0,47%"
"16.01.2018","3.611,23","3.603,39","3.618,49","3.590,55","4,96M","0,19%"
"15.01.2018","3.604,39","3.599,45","3.612,87","3.589,18","5,19M","0,14%"
"12.01.2018","3.599,28","3.601,29","3.608,37","3.593,82","4,88M","-0,05%"
"11.01.2018","3.600,94","3.596,23","3.600,94","3.569,55","5,68M","0,13%"
"10.01.2018","3.596,14","3.558,98","3.596,54","3.558,19","6,35M","1,05%"
"09.01.2018","3.558,86","3.550,10","3.569,28","3.546,38","5,34M","0,25%"
"08.01.2018","3.550,10","3.550,62","3.568,17","3.541,08","4,72M","-0,02%"
"05.01.2018","3.550,88","3.552,78","3.561,35","3.537,49","4,78M","-0,12%"
"04.01.2018","3.555,04","3.488,05","3.567,80","3.488,05","7,25M","1,94%"
"03.01.2018","3.487,39","3.444,82","3.491,68","3.444,65","5,13M","1,25%"
"02.01.2018","3.444,30","3.420,31","3.444,30","3.415,99","4,37M","0,71%"
"29.12.2017","3.420,14","3.434,92","3.441,59","3.416,04","3,45M","-0,43%"
"28.12.2017","3.434,88","3.428,98","3.436,52","3.423,16","4,25M","0,18%"
"27.12.2017","3.428,69","3.438,72","3.439,79","3.412,02","4,31M","-0,33%"
"22.12.2017","3.440,06","3.439,88","3.441,81","3.412,27","4,20M","0,00%"
"21.12.2017","3.440,02","3.408,89","3.441,01","3.407,18","4,79M","0,92%"
"20.12.2017","3.408,81","3.420,94","3.444,71","3.408,81","5,13M","-0,35%"
"19.12.2017","3.420,63","3.406,49","3.424,32","3.403,22","7,93M","0,40%"
"18.12.2017","3.406,89","3.279,52","3.410,62","3.279,16","8,63M","3,89%"
"15.12.2017","3.279,24","3.311,00","3.311,00","3.273,95","16,89M","-0,97%"
"14.12.2017","3.311,35","3.304,83","3.322,34","3.303,85","5,12M","0,19%"
"13.12.2017","3.304,94","3.338,27","3.340,52","3.303,03","4,84M","-0,99%"
"12.12.2017","3.337,97","3.351,12","3.359,69","3.324,88","4,77M","-0,38%"
"11.12.2017","3.350,56","3.327,66","3.355,33","3.324,28","5,24M","0,70%"
"07.12.2017","3.327,38","3.315,12","3.329,02","3.309,87","5,70M","0,39%"
"06.12.2017","3.314,61","3.336,99","3.336,99","3.305,96","4,76M","-0,67%"
"05.12.2017","3.336,82","3.361,66","3.370,23","3.336,64","4,21M","-0,74%"
"04.12.2017","3.361,61","3.328,77","3.375,47","3.328,77","4,06M","1,01%"
"01.12.2017","3.328,10","3.344,69","3.356,08","3.325,85","5,31M","-0,50%"
"30.11.2017","3.344,94","3.330,74","3.352,29","3.328,43","8,70M","0,42%"
"29.11.2017","3.330,86","3.321,56","3.342,51","3.317,20","10,78M","0,29%"
"28.11.2017","3.321,14","3.299,31","3.326,72","3.287,90","3,75M","0,66%"
"27.11.2017","3.299,40","3.328,47","3.334,31","3.297,31","4,00M","-0,87%"
"24.11.2017","3.328,48","3.305,87","3.341,30","3.302,20","3,74M","0,67%"
"23.11.2017","3.306,19","3.316,31","3.316,31","3.293,10","3,01M","-0,30%"
"22.11.2017","3.316,12","3.327,06","3.349,74","3.313,87","4,35M","-0,34%"
"21.11.2017","3.327,42","3.313,64","3.344,40","3.309,55","4,40M","0,42%"
"20.11.2017","3.313,61","3.314,79","3.318,72","3.297,61","3,51M","-0,03%"
"17.11.2017","3.314,70","3.330,75","3.332,31","3.312,71","4,62M","-0,52%"
"16.11.2017","3.331,99","3.339,21","3.345,72","3.321,88","6,15M","-0,22%"
"15.11.2017","3.339,48","3.360,46","3.360,72","3.293,23","7,13M","-0,63%"
"14.11.2017","3.360,82","3.382,90","3.399,04","3.356,90","7,01M","-0,65%"
"13.11.2017","3.382,85","3.393,36","3.404,15","3.363,56","8,78M","-0,31%"
"10.11.2017","3.393,23","3.378,58","3.393,75","3.369,11","4,19M","0,47%"
"09.11.2017","3.377,25","3.412,53","3.418,72","3.353,87","4,54M","-1,03%"
"08.11.2017","3.412,30","3.408,74","3.416,74","3.387,52","5,90M","0,03%"
"07.11.2017","3.411,22","3.389,49","3.431,43","3.389,34","4,56M","0,62%"
"06.11.2017","3.390,30","3.410,49","3.418,03","3.384,55","4,17M","-0,58%"
"03.11.2017","3.410,25","3.445,19","3.446,33","3.391,44","7,63M","-1,02%"
"02.11.2017","3.445,23","3.406,13","3.447,93","3.406,13","6,06M","1,15%"
"31.10.2017","3.406,09","3.421,01","3.432,60","3.399,83","4,05M","-0,40%"
"30.10.2017","3.419,76","3.415,60","3.431,87","3.405,53","5,05M","0,13%"
"27.10.2017","3.415,38","3.364,26","3.415,38","3.364,26","7,50M","1,55%"
"25.10.2017","3.363,38","3.388,46","3.414,29","3.363,38","6,65M","-0,67%"
"24.10.2017","3.386,02","3.390,07","3.396,61","3.371,58","4,48M","-0,11%"
"23.10.2017","3.389,62","3.383,25","3.395,15","3.376,25","3,71M","0,19%"
"20.10.2017","3.383,15","3.369,05","3.391,09","3.368,18","4,00M","0,42%"
"19.10.2017","3.369,00","3.402,70","3.404,85","3.354,00","3,89M","-1,00%"
"18.10.2017","3.403,13","3.372,62","3.407,53","3.363,50","3,71M","0,89%"
"17.10.2017","3.373,14","3.375,94","3.388,81","3.370,45","4,41M","-0,09%"
"16.10.2017","3.376,02","3.375,56","3.384,71","3.358,35","4,45M","0,01%"
"13.10.2017","3.375,80","3.324,74","3.378,16","3.321,79","4,02M","1,54%"
"12.10.2017","3.324,75","3.335,49","3.345,01","3.322,85","4,41M","-0,32%"
"11.10.2017","3.335,31","3.322,24","3.337,28","3.314,62","5,40M","0,41%"
"10.10.2017","3.321,72","3.336,83","3.339,44","3.309,15","3,45M","-0,46%"
"09.10.2017","3.337,04","3.324,46","3.339,67","3.310,49","3,86M","0,38%"
"06.10.2017","3.324,41","3.345,63","3.361,48","3.324,33","4,68M","-0,63%"
"05.10.2017","3.345,50","3.307,95","3.345,50","3.302,65","5,00M","1,09%"
"04.10.2017","3.309,58","3.345,97","3.352,07","3.309,58","5,72M","-1,07%"
"03.10.2017","3.345,50","3.343,65","3.351,93","3.334,91","4,26M","0,01%"
"02.10.2017","3.345,07","3.315,97","3.345,07","3.311,57","5,89M","0,88%"
"29.09.2017","3.315,97","3.306,72","3.319,49","3.286,33","5,51M","0,26%"
"28.09.2017","3.307,47","3.291,33","3.320,44","3.291,33","6,00M","0,48%"
"27.09.2017","3.291,69","3.291,94","3.300,51","3.280,80","5,02M","0,00%"
"26.09.2017","3.291,55","3.302,47","3.306,32","3.288,61","5,54M","-0,29%"
"25.09.2017","3.301,11","3.306,12","3.307,01","3.293,43","3,74M","-0,15%"
"22.09.2017","3.305,97","3.296,65","3.312,67","3.288,84","4,28M","0,28%"
"21.09.2017","3.296,86","3.290,83","3.297,16","3.283,93","7,62M","0,23%"
"20.09.2017","3.289,14","3.290,99","3.294,88","3.278,77","4,86M","-0,04%"
"19.09.2017","3.290,46","3.291,89","3.299,47","3.285,22","3,38M","-0,04%"
"18.09.2017","3.291,86","3.267,67","3.304,29","3.267,09","3,55M","0,76%"
"15.09.2017","3.266,99","3.283,57","3.283,63","3.260,72","11,77M","-0,52%"
"14.09.2017","3.283,99","3.280,40","3.284,46","3.263,05","4,43M","0,11%"
"13.09.2017","3.280,41","3.282,95","3.284,33","3.258,24","5,69M","-0,08%"
"12.09.2017","3.282,95","3.260,74","3.289,71","3.251,98","6,48M","0,69%"
"11.09.2017","3.260,54","3.229,87","3.263,28","3.229,20","4,44M","0,94%"
"08.09.2017","3.230,33","3.236,18","3.254,42","3.217,39","4,41M","-0,21%"
"07.09.2017","3.237,22","3.218,99","3.249,36","3.218,45","4,33M","0,57%"
"06.09.2017","3.218,96","3.226,50","3.232,83","3.215,05","5,02M","-0,24%"
"05.09.2017","3.226,63","3.245,22","3.257,28","3.226,63","6,42M","-0,57%"
"04.09.2017","3.245,22","3.260,00","3.260,10","3.232,36","4,60M","-0,44%"
"01.09.2017","3.259,40","3.232,83","3.261,24","3.232,83","7,71M","0,82%"
"31.08.2017","3.232,83","3.202,67","3.239,36","3.202,09","9,56M","0,98%"
"30.08.2017","3.201,43","3.168,82","3.202,49","3.168,82","6,71M","1,03%"
"29.08.2017","3.168,82","3.202,71","3.202,71","3.144,37","5,97M","-1,07%"
"28.08.2017","3.203,09","3.229,49","3.229,49","3.192,25","2,39M","-0,87%"
"25.08.2017","3.231,20","3.204,55","3.233,63","3.191,74","5,01M","0,81%"
"24.08.2017","3.205,09","3.184,93","3.223,71","3.183,28","5,30M","0,64%"
"23.08.2017","3.184,82","3.175,42","3.204,81","3.174,20","4,02M","0,27%"
"22.08.2017","3.176,20","3.154,66","3.177,08","3.154,27","4,05M","0,73%"
"21.08.2017","3.153,31","3.178,01","3.182,18","3.152,33","3,82M","-0,78%"
"18.08.2017","3.178,13","3.216,55","3.216,55","3.177,14","4,87M","-1,26%"
"17.08.2017","3.218,67","3.241,52","3.255,87","3.216,62","5,78M","-0,69%"
"16.08.2017","3.241,10","3.218,25","3.249,73","3.217,46","5,55M","0,77%"
"14.08.2017","3.216,33","3.164,10","3.225,56","3.163,96","4,40M","1,70%"
"11.08.2017","3.162,47","3.198,16","3.198,16","3.147,44","5,87M","-1,13%"
"10.08.2017","3.198,46","3.237,96","3.238,51","3.181,81","5,41M","-1,24%"
"09.08.2017","3.238,59","3.280,57","3.282,27","3.221,14","5,35M","-1,28%"
"08.08.2017","3.280,48","3.278,66","3.285,00","3.271,35","4,35M","0,05%"
"07.08.2017","3.278,72","3.259,64","3.279,35","3.255,89","4,77M","0,58%"
"04.08.2017","3.259,66","3.251,19","3.266,89","3.214,79","7,52M","0,27%"
"03.08.2017","3.250,77","3.229,17","3.251,34","3.221,35","4,12M","0,67%"
"02.08.2017","3.228,99","3.244,56","3.254,56","3.224,32","4,01M","-0,38%"
"01.08.2017","3.241,24","3.218,99","3.262,55","3.218,80","4,38M","0,72%"
"31.07.2017","3.217,93","3.239,80","3.247,39","3.217,77","4,76M","-0,67%"
"28.07.2017","3.239,73","3.254,01","3.254,01","3.216,16","4,17M","-0,45%"
"27.07.2017","3.254,34","3.243,06","3.256,74","3.226,16","5,27M","0,35%"
"26.07.2017","3.243,10","3.212,50","3.251,07","3.208,96","5,16M","0,96%"
"25.07.2017","3.212,24","3.158,65","3.224,80","3.155,23","5,77M","1,70%"
"24.07.2017","3.158,65","3.162,41","3.164,22","3.140,87","4,39M","-0,11%"
"21.07.2017","3.162,01","3.198,02","3.198,37","3.151,31","4,80M","-1,14%"
"20.07.2017","3.198,51","3.193,90","3.220,36","3.191,05","5,97M","0,16%"
"19.07.2017","3.193,29","3.192,46","3.199,19","3.181,71","4,69M","0,04%"
"18.07.2017","3.192,10","3.199,18","3.205,36","3.173,84","5,64M","-0,23%"
"17.07.2017","3.199,60","3.182,40","3.204,61","3.178,17","4,26M","0,55%"
"14.07.2017","3.182,10","3.180,11","3.186,94","3.163,67","4,74M","0,07%"
"13.07.2017","3.179,79","3.171,49","3.186,00","3.162,43","7,04M","0,25%"
"12.07.2017","3.171,81","3.147,17","3.190,63","3.146,75","7,12M","0,79%"
"11.07.2017","3.146,91","3.153,05","3.171,71","3.142,25","3,91M","-0,18%"
"10.07.2017","3.152,51","3.124,63","3.158,30","3.124,63","6,63M","0,89%"
"07.07.2017","3.124,61","3.151,57","3.151,72","3.119,84","6,14M","-0,85%"
"06.07.2017","3.151,42","3.143,91","3.165,64","3.141,66","7,12M","0,23%"
"05.07.2017","3.144,12","3.147,80","3.161,70","3.136,71","5,53M","-0,11%"
"04.07.2017","3.147,66","3.138,15","3.148,74","3.122,41","4,07M","0,30%"
"03.07.2017","3.138,17","3.106,61","3.141,13","3.106,60","5,65M","1,01%"
"30.06.2017","3.106,66","3.088,71","3.129,36","3.062,54","8,04M","0,58%"
"29.06.2017","3.088,84","3.095,46","3.129,32","3.078,19","7,25M","-0,20%"
"28.06.2017","3.095,11","3.096,50","3.104,38","3.067,45","6,57M","-0,06%"
"27.06.2017","3.096,85","3.087,42","3.101,23","3.077,84","5,79M","0,30%"
"26.06.2017","3.087,45","3.058,45","3.092,32","3.056,06","4,98M","0,96%"
"23.06.2017","3.058,09","3.079,86","3.084,87","3.051,19","6,87M","-0,71%"
"22.06.2017","3.079,84","3.110,09","3.110,44","3.071,67","6,11M","-0,98%"
"21.06.2017","3.110,32","3.096,63","3.117,64","3.068,52","6,73M","0,39%"
"20.06.2017","3.098,12","3.151,61","3.160,23","3.098,12","5,48M","-1,70%"
"19.06.2017","3.151,66","3.101,98","3.157,09","3.101,81","5,81M","1,59%"
"16.06.2017","3.102,19","3.133,68","3.138,21","3.096,96","22,68M","-1,00%"
"14.06.2017","3.133,51","3.174,06","3.184,53","3.133,38","8,36M","-1,27%"
"13.06.2017","3.173,80","3.168,67","3.182,53","3.156,41","7,08M","0,17%"
"12.06.2017","3.168,56","3.207,90","3.207,90","3.156,52","7,07M","-1,27%"
"09.06.2017","3.209,27","3.172,34","3.212,50","3.168,28","7,62M","1,12%"
"08.06.2017","3.173,63","3.182,77","3.202,20","3.148,22","8,57M","-0,27%"
"07.06.2017","3.182,12","3.168,26","3.199,30","3.161,36","6,64M","0,33%"
"06.06.2017","3.171,60","3.155,39","3.174,83","3.144,45","8,80M","0,44%"
"02.06.2017","3.157,73","3.153,50","3.174,51","3.137,72","10,51M","0,32%"
"01.06.2017","3.147,52","3.126,06","3.150,10","3.119,57","10,86M","0,77%"
"31.05.2017","3.123,54","3.154,29","3.156,87","3.114,79","15,78M","-1,16%"
"30.05.2017","3.160,27","3.185,08","3.185,08","3.151,05","8,96M","-0,76%"
"29.05.2017","3.184,45","3.206,12","3.206,92","3.171,66","5,13M","-0,78%"
"26.05.2017","3.209,58","3.200,75","3.211,08","3.184,19","8,45M","0,16%"
"24.05.2017","3.204,30","3.177,24","3.204,49","3.170,40","8,26M","0,67%"
"23.05.2017","3.183,13","3.180,49","3.198,03","3.168,86","6,42M","-0,33%"
"22.05.2017","3.193,58","3.158,45","3.193,58","3.153,52","6,40M","1,02%"
"19.05.2017","3.161,45","3.094,04","3.169,32","3.093,76","8,33M","2,24%"
"18.05.2017","3.092,26","3.113,66","3.114,55","3.040,81","10,78M","-0,86%"
"17.05.2017","3.119,18","3.147,55","3.155,55","3.095,67","10,13M","-0,87%"
"16.05.2017","3.146,41","3.133,62","3.166,46","3.125,87","9,82M","0,41%"
"15.05.2017","3.133,62","3.086,03","3.134,07","3.084,91","7,47M","1,67%"
"12.05.2017","3.082,11","3.079,36","3.089,44","3.069,05","7,53M","0,19%"
"11.05.2017","3.076,37","3.074,57","3.084,75","3.060,89","12,36M","0,02%"
"10.05.2017","3.075,66","3.085,42","3.093,83","3.062,14","7,45M","-0,34%"
"09.05.2017","3.086,20","3.067,26","3.093,28","3.065,15","7,08M","0,64%"
"08.05.2017","3.066,64","3.069,40","3.088,46","3.040,08","9,00M","-0,05%"
"05.05.2017","3.068,28","3.036,10","3.070,16","2.996,99","9,04M","1,06%"
"04.05.2017","3.036,10","2.996,39","3.040,86","2.993,15","7,74M","1,29%"
"03.05.2017","2.997,41","3.012,20","3.012,20","2.995,43","6,27M","-0,50%"
"02.05.2017","3.012,58","3.009,33","3.017,21","2.999,97","6,48M","0,08%"
"28.04.2017","3.010,18","2.961,90","3.015,01","2.955,61","9,78M","1,61%"
"27.04.2017","2.962,47","2.973,56","2.974,95","2.955,84","10,63M","-0,41%"
"26.04.2017","2.974,66","2.948,31","2.975,69","2.930,20","8,40M","0,89%"
"25.04.2017","2.948,31","2.939,74","2.958,09","2.928,58","6,55M","0,29%"
"24.04.2017","2.939,73","2.851,68","2.940,72","2.851,68","10,86M","3,09%"
"21.04.2017","2.851,63","2.851,42","2.865,92","2.846,11","9,10M","0,02%"
"20.04.2017","2.851,03","2.838,94","2.857,68","2.830,36","6,13M","0,43%"
"19.04.2017","2.838,93","2.830,01","2.846,42","2.822,13","8,54M","0,32%"
"18.04.2017","2.830,01","2.861,36","2.864,60","2.808,53","10,96M","-1,09%"
"13.04.2017","2.861,19","2.879,17","2.879,17","2.839,63","6,50M","-0,63%"
"12.04.2017","2.879,31","2.885,90","2.899,88","2.871,64","7,53M","-0,24%"
"11.04.2017","2.886,35","2.910,50","2.911,14","2.874,60","9,00M","-0,83%"
"10.04.2017","2.910,50","2.908,75","2.913,76","2.893,98","8,72M","0,06%"
"07.04.2017","2.908,74","2.896,40","2.908,74","2.878,56","9,99M","0,40%"
"06.04.2017","2.897,08","2.885,45","2.897,08","2.856,78","7,14M","0,41%"
"05.04.2017","2.885,13","2.860,12","2.905,63","2.857,48","7,22M","0,87%"
"04.04.2017","2.860,18","2.845,26","2.861,87","2.838,75","6,57M","0,54%"
"03.04.2017","2.844,90","2.829,06","2.863,65","2.829,04","7,55M","0,57%"
"31.03.2017","2.828,79","2.848,20","2.848,76","2.824,53","12,04M","-0,69%"
"30.03.2017","2.848,53","2.836,63","2.851,00","2.827,59","6,55M","0,42%"
"29.03.2017","2.836,65","2.807,14","2.837,62","2.806,84","8,22M","1,06%"
"28.03.2017","2.806,80","2.799,12","2.812,13","2.795,37","8,98M","0,27%"
"27.03.2017","2.799,12","2.829,72","2.829,72","2.789,04","5,67M","-1,07%"
"24.03.2017","2.829,43","2.823,20","2.829,87","2.811,53","6,07M","0,23%"
"23.03.2017","2.823,05","2.799,02","2.823,21","2.799,02","7,45M","0,85%"
"22.03.2017","2.799,28","2.824,53","2.825,18","2.784,42","10,12M","-0,92%"
"21.03.2017","2.825,14","2.845,89","2.867,67","2.820,33","9,14M","-0,71%"
"20.03.2017","2.845,48","2.841,26","2.855,82","2.833,01","13,29M","0,14%"
"17.03.2017","2.841,55","2.850,65","2.856,75","2.836,81","32,42M","-0,32%"
"16.03.2017","2.850,76","2.817,10","2.862,71","2.817,10","15,11M","1,21%"
"15.03.2017","2.816,77","2.815,61","2.835,74","2.812,81","15,27M","0,04%"
"14.03.2017","2.815,64","2.835,89","2.836,76","2.804,66","9,27M","-0,72%"
"13.03.2017","2.836,15","2.826,80","2.845,05","2.821,08","6,89M","0,36%"
"10.03.2017","2.826,11","2.805,69","2.835,28","2.799,59","8,23M","0,74%"
"09.03.2017","2.805,25","2.813,35","2.813,68","2.791,63","8,46M","-0,30%"
"08.03.2017","2.813,73","2.796,58","2.813,73","2.783,41","6,91M","0,62%"
"07.03.2017","2.796,34","2.791,13","2.800,38","2.781,99","6,78M","0,18%"
"06.03.2017","2.791,24","2.798,79","2.799,21","2.781,96","5,61M","-0,27%"
"03.03.2017","2.798,79","2.812,32","2.812,32","2.791,39","8,34M","-0,49%"
"02.03.2017","2.812,47","2.797,00","2.816,05","2.796,67","8,36M","0,55%"
"01.03.2017","2.797,11","2.746,26","2.811,41","2.744,74","11,92M","1,84%"
"28.02.2017","2.746,50","2.742,05","2.750,86","2.736,54","7,65M","0,17%"
"27.02.2017","2.741,89","2.752,85","2.764,57","2.733,86","6,30M","-0,40%"
"24.02.2017","2.752,99","2.799,93","2.803,42","2.741,39","7,15M","-1,67%"
"23.02.2017","2.799,72","2.787,58","2.806,66","2.781,80","7,75M","0,45%"
"22.02.2017","2.787,10","2.815,28","2.824,97","2.783,88","6,78M","-1,00%"
"21.02.2017","2.815,22","2.806,49","2.822,63","2.797,18","5,64M","0,34%"
"20.02.2017","2.805,81","2.798,75","2.820,10","2.798,60","5,13M","0,27%"
"17.02.2017","2.798,27","2.812,00","2.815,52","2.786,58","7,89M","-0,47%"
"16.02.2017","2.811,35","2.807,62","2.819,48","2.795,83","6,29M","0,12%"
"15.02.2017","2.807,91","2.792,54","2.811,10","2.792,54","8,00M","0,55%"
"14.02.2017","2.792,48","2.782,32","2.792,48","2.774,55","5,39M","0,37%"
"13.02.2017","2.782,28","2.759,13","2.786,81","2.752,73","6,78M","0,84%"
"10.02.2017","2.758,99","2.737,26","2.758,99","2.731,29","6,12M","0,79%"
"09.02.2017","2.737,49","2.704,56","2.739,25","2.702,02","7,04M","1,16%"
"08.02.2017","2.706,11","2.712,67","2.725,67","2.687,87","7,32M","-0,25%"
"07.02.2017","2.712,76","2.713,57","2.722,33","2.703,54","5,55M","0,03%"
"06.02.2017","2.711,99","2.731,61","2.738,95","2.705,72","5,05M","-0,69%"
"03.02.2017","2.730,77","2.730,95","2.739,72","2.713,75","6,72M","0,04%"
"02.02.2017","2.729,76","2.727,94","2.737,45","2.716,16","6,69M","0,08%"
"01.02.2017","2.727,69","2.676,21","2.731,00","2.676,21","7,70M","1,92%"
"31.01.2017","2.676,43","2.694,34","2.707,16","2.676,43","9,03M","-0,67%"
"30.01.2017","2.694,38","2.732,53","2.733,06","2.691,82","6,31M","-1,42%"
"27.01.2017","2.733,07","2.726,64","2.734,55","2.712,49","7,32M","0,25%"
"26.01.2017","2.726,22","2.739,43","2.750,16","2.723,98","10,25M","-0,46%"
"25.01.2017","2.738,92","2.684,43","2.744,16","2.684,05","16,76M","2,04%"
"24.01.2017","2.684,17","2.672,04","2.686,56","2.661,19","7,03M","0,42%"
"23.01.2017","2.672,88","2.684,62","2.685,33","2.640,87","7,27M","-0,45%"
"20.01.2017","2.684,83","2.665,27","2.686,30","2.657,57","9,56M","0,69%"
"19.01.2017","2.666,46","2.659,28","2.673,82","2.654,24","7,44M","0,27%"
"18.01.2017","2.659,29","2.656,44","2.660,26","2.643,68","8,09M","0,14%"
"17.01.2017","2.655,60","2.668,31","2.668,85","2.645,07","11,02M","-0,48%"
"16.01.2017","2.668,43","2.678,57","2.679,53","2.657,19","12,54M","-0,37%"
"13.01.2017","2.678,44","2.670,69","2.682,16","2.653,45","33,44M","0,29%"
"12.01.2017","2.670,61","2.669,46","2.676,72","2.661,01","8,50M","0,04%"
"11.01.2017","2.669,54","2.659,58","2.674,17","2.650,47","6,05M","0,37%"
"10.01.2017","2.659,70","2.678,64","2.682,49","2.653,51","7,83M","-0,71%"
"09.01.2017","2.678,69","2.696,42","2.697,14","2.668,93","7,88M","-0,65%"
"05.01.2017","2.696,30","2.682,82","2.699,39","2.679,81","5,90M","0,51%"
"04.01.2017","2.682,64","2.685,97","2.696,51","2.671,44","6,76M","-0,09%"
"03.01.2017","2.685,02","2.655,40","2.700,89","2.655,40","8,27M","1,13%"
"02.01.2017","2.654,94","2.617,72","2.656,30","2.608,64","3,41M","1,39%"
"30.12.2016","2.618,43","2.649,82","2.649,82","2.618,43","3,42M","-1,19%"
"29.12.2016","2.649,93","2.638,19","2.649,93","2.626,34","7,64M","0,43%"
"28.12.2016","2.638,48","2.632,18","2.642,30","2.625,24","6,35M","0,18%"
"27.12.2016","2.633,71","2.632,86","2.638,67","2.626,77","4,86M","0,00%"
"23.12.2016","2.633,58","2.632,40","2.640,75","2.620,86","6,61M","0,04%"
"22.12.2016","2.632,50","2.638,28","2.639,41","2.621,39","6,40M","-0,22%"
"21.12.2016","2.638,28","2.632,83","2.641,92","2.619,59","9,10M","0,21%"
"20.12.2016","2.632,85","2.624,37","2.632,85","2.616,48","17,56M","0,31%"
"19.12.2016","2.624,59","2.646,92","2.647,06","2.618,85","10,06M","-0,86%"
"16.12.2016","2.647,43","2.627,40","2.659,26","2.621,31","16,63M","0,76%"
"15.12.2016","2.627,49","2.596,82","2.627,67","2.596,09","9,03M","1,19%"
"14.12.2016","2.596,68","2.621,13","2.621,13","2.596,68","8,17M","-0,93%"
"13.12.2016","2.621,08","2.607,26","2.627,04","2.595,16","9,62M","0,53%"
"12.12.2016","2.607,26","2.598,52","2.611,03","2.591,34","6,67M","0,33%"
"09.12.2016","2.598,61","2.593,07","2.618,26","2.589,80","10,38M","0,22%"
"07.12.2016","2.592,86","2.564,18","2.594,56","2.564,06","7,51M","1,14%"
"06.12.2016","2.563,58","2.523,35","2.569,31","2.523,35","7,82M","1,59%"
"05.12.2016","2.523,36","2.502,21","2.531,27","2.488,77","5,50M","0,86%"
"02.12.2016","2.501,74","2.521,64","2.522,21","2.498,67","6,93M","-0,86%"
"01.12.2016","2.523,42","2.518,74","2.539,34","2.516,39","6,58M","0,15%"
"30.11.2016","2.519,59","2.495,34","2.520,94","2.486,93","8,03M","0,95%"
"29.11.2016","2.495,82","2.485,55","2.495,82","2.466,28","6,69M","0,43%"
"28.11.2016","2.485,18","2.513,10","2.513,14","2.479,00","4,67M","-1,13%"
"25.11.2016","2.513,60","2.524,76","2.525,02","2.504,42","5,38M","-0,42%"
"24.11.2016","2.524,18","2.514,00","2.524,32","2.500,57","4,50M","0,39%"
"23.11.2016","2.514,25","2.516,55","2.523,57","2.508,83","6,03M","-0,10%"
"22.11.2016","2.516,69","2.487,88","2.517,56","2.487,17","5,11M","1,16%"
"21.11.2016","2.487,75","2.480,78","2.489,70","2.463,90","4,62M","0,28%"
"18.11.2016","2.480,75","2.482,14","2.495,47","2.470,61","6,49M","-0,04%"
"17.11.2016","2.481,82","2.497,57","2.497,57","2.468,87","6,97M","-0,62%"
"16.11.2016","2.497,41","2.513,39","2.521,29","2.494,40","7,66M","-0,62%"
"15.11.2016","2.512,88","2.492,54","2.514,90","2.492,31","7,87M","0,81%"
"14.11.2016","2.492,78","2.485,87","2.508,37","2.480,94","8,01M","0,29%"
"11.11.2016","2.485,50","2.501,34","2.507,28","2.479,25","7,07M","-0,64%"
"10.11.2016","2.501,39","2.486,54","2.526,10","2.486,09","12,72M","0,60%"
"09.11.2016","2.486,52","2.456,56","2.488,59","2.362,15","10,02M","1,18%"
"08.11.2016","2.457,45","2.432,26","2.458,10","2.430,28","5,29M","1,05%"
"07.11.2016","2.432,03","2.413,16","2.442,55","2.413,16","6,03M","0,79%"
"04.11.2016","2.412,85","2.469,29","2.471,10","2.404,48","7,42M","-2,28%"
"03.11.2016","2.469,20","2.429,05","2.473,09","2.428,57","7,92M","1,66%"
"02.11.2016","2.429,00","2.473,10","2.473,10","2.428,28","7,65M","-1,81%"
"31.10.2016","2.473,75","2.506,76","2.506,82","2.472,48","6,27M","-1,31%"
"28.10.2016","2.506,55","2.507,22","2.507,22","2.477,66","6,56M","-0,03%"
"27.10.2016","2.507,35","2.508,23","2.511,68","2.487,11","7,52M","-0,04%"
"25.10.2016","2.508,37","2.495,38","2.510,98","2.493,57","5,99M","0,53%"
"24.10.2016","2.495,25","2.464,29","2.499,13","2.464,29","7,20M","1,27%"
"21.10.2016","2.463,96","2.466,09","2.472,91","2.456,63","5,95M","-0,09%"
"20.10.2016","2.466,26","2.446,48","2.466,26","2.439,50","6,52M","0,81%"
"19.10.2016","2.446,52","2.447,18","2.456,32","2.436,58","5,89M","-0,02%"
"18.10.2016","2.446,90","2.412,69","2.447,69","2.412,69","5,54M","1,42%"
"17.10.2016","2.412,67","2.418,72","2.418,72","2.402,26","6,60M","-0,24%"
"14.10.2016","2.418,36","2.383,39","2.423,21","2.380,55","6,47M","1,47%"
"13.10.2016","2.383,39","2.409,40","2.409,40","2.378,44","8,21M","-1,08%"
"12.10.2016","2.409,53","2.412,63","2.423,41","2.406,93","6,34M","-0,13%"
"11.10.2016","2.412,73","2.407,72","2.419,18","2.402,94","5,44M","0,22%"
"10.10.2016","2.407,36","2.391,16","2.410,85","2.381,24","6,38M","0,69%"
"07.10.2016","2.390,88","2.410,87","2.415,05","2.387,76","6,95M","-0,84%"
"06.10.2016","2.411,04","2.416,93","2.430,13","2.406,37","8,27M","-0,24%"
"05.10.2016","2.416,87","2.417,91","2.419,83","2.406,75","6,66M","-0,03%"
"04.10.2016","2.417,64","2.405,74","2.421,02","2.405,74","6,90M","0,50%"
"03.10.2016","2.405,50","2.405,60","2.421,36","2.400,58","4,19M","0,01%"
"30.09.2016","2.405,28","2.414,71","2.414,71","2.375,91","8,52M","-0,41%"
"29.09.2016","2.415,16","2.386,43","2.426,73","2.386,43","7,00M","1,21%"
"28.09.2016","2.386,22","2.371,60","2.397,31","2.371,06","6,68M","0,61%"
"27.09.2016","2.371,66","2.381,12","2.393,30","2.357,57","7,12M","-0,41%"
"26.09.2016","2.381,42","2.402,88","2.402,88","2.368,13","6,03M","-0,90%"
"23.09.2016","2.403,13","2.403,35","2.404,79","2.386,62","4,95M","-0,01%"
"22.09.2016","2.403,46","2.362,95","2.411,40","2.360,32","7,48M","1,72%"
"21.09.2016","2.362,85","2.346,50","2.378,80","2.345,41","6,85M","0,70%"
"20.09.2016","2.346,36","2.350,04","2.360,67","2.340,08","7,17M","-0,16%"
"19.09.2016","2.350,10","2.320,10","2.351,44","2.319,98","6,15M","1,27%"
"16.09.2016","2.320,70","2.346,16","2.347,40","2.311,88","18,55M","-1,09%"
"15.09.2016","2.346,16","2.329,20","2.346,16","2.322,87","6,37M","0,72%"
"14.09.2016","2.329,42","2.356,25","2.364,28","2.329,25","7,01M","-1,14%"
"13.09.2016","2.356,40","2.376,02","2.394,82","2.350,34","6,42M","-0,81%"
"12.09.2016","2.375,75","2.394,22","2.394,22","2.342,10","7,76M","-0,78%"
"09.09.2016","2.394,53","2.413,28","2.416,56","2.389,02","6,84M","-0,78%"
"08.09.2016","2.413,45","2.394,07","2.417,36","2.392,09","7,41M","0,80%"
"07.09.2016","2.394,33","2.381,49","2.398,69","2.379,00","6,25M","0,55%"
"06.09.2016","2.381,31","2.380,73","2.390,55","2.371,64","6,55M","0,03%"
"05.09.2016","2.380,59","2.368,74","2.390,63","2.365,58","6,64M","0,49%"
"02.09.2016","2.369,03","2.334,46","2.369,03","2.322,11","6,01M","1,48%"
"01.09.2016","2.334,49","2.314,27","2.358,18","2.314,27","7,36M","0,87%"
"31.08.2016","2.314,38","2.332,43","2.345,87","2.314,38","12,01M","-0,78%"
"30.08.2016","2.332,52","2.318,12","2.343,25","2.314,26","6,82M","0,63%"
"29.08.2016","2.317,92","2.311,48","2.317,92","2.295,89","4,70M","0,27%"
"26.08.2016","2.311,65","2.291,28","2.312,85","2.287,98","5,65M","0,76%"
"25.08.2016","2.294,30","2.307,90","2.307,90","2.286,32","4,27M","-0,60%"
"24.08.2016","2.308,10","2.289,10","2.316,53","2.282,42","6,46M","0,82%"
"23.08.2016","2.289,41","2.256,83","2.296,28","2.252,33","8,55M","1,45%"
"22.08.2016","2.256,79","2.268,12","2.284,87","2.250,46","5,28M","-0,50%"
"19.08.2016","2.268,20","2.267,42","2.268,20","2.250,87","4,41M","0,03%"
"18.08.2016","2.267,49","2.250,74","2.270,00","2.250,44","4,09M","0,71%"
"17.08.2016","2.251,54","2.276,39","2.277,69","2.245,45","4,65M","-1,09%"
"16.08.2016","2.276,46","2.284,53","2.285,11","2.269,29","5,39M","-0,35%"
"12.08.2016","2.284,53","2.270,25","2.289,59","2.269,25","4,86M","0,62%"
"11.08.2016","2.270,47","2.269,03","2.271,37","2.250,06","4,07M","0,14%"
"10.08.2016","2.267,22","2.274,45","2.274,80","2.255,61","5,06M","-0,32%"
"09.08.2016","2.274,47","2.247,37","2.274,47","2.243,69","4,69M","1,20%"
"08.08.2016","2.247,39","2.230,16","2.252,77","2.230,16","4,55M","0,79%"
"05.08.2016","2.229,87","2.187,57","2.229,90","2.187,57","4,99M","1,93%"
"04.08.2016","2.187,67","2.166,85","2.208,02","2.166,85","5,76M","0,97%"
"03.08.2016","2.166,58","2.180,90","2.196,13","2.166,58","5,94M","-0,66%"
"02.08.2016","2.180,98","2.209,04","2.209,04","2.179,50","6,39M","-1,27%"
"01.08.2016","2.209,13","2.234,10","2.245,86","2.208,31","6,30M","-1,09%"
"29.07.2016","2.233,44","2.227,85","2.237,85","2.224,16","7,72M","0,24%"
"28.07.2016","2.228,16","2.243,28","2.251,73","2.218,62","8,10M","-0,66%"
"27.07.2016","2.242,97","2.230,41","2.258,19","2.229,65","5,59M","0,57%"
"26.07.2016","2.230,24","2.224,06","2.246,05","2.213,82","5,67M","0,29%"
"25.07.2016","2.223,73","2.235,05","2.244,03","2.219,47","5,61M","-0,49%"
"22.07.2016","2.234,75","2.219,74","2.238,39","2.206,34","5,53M","0,68%"
"21.07.2016","2.219,61","2.222,27","2.226,95","2.203,82","5,54M","-0,12%"
"20.07.2016","2.222,30","2.209,45","2.231,23","2.208,62","7,86M","0,59%"
"19.07.2016","2.209,32","2.218,19","2.221,53","2.193,80","5,71M","-0,48%"
"18.07.2016","2.220,01","2.219,03","2.233,39","2.206,79","6,39M","0,04%"
"15.07.2016","2.219,14","2.211,70","2.226,47","2.195,03","6,82M","0,34%"
"14.07.2016","2.211,66","2.137,18","2.212,87","2.129,92","7,94M","3,53%"
"13.07.2016","2.136,24","2.164,37","2.165,24","2.136,09","6,80M","-1,30%"
"12.07.2016","2.164,29","2.110,65","2.169,57","2.110,64","8,11M","2,55%"
"11.07.2016","2.110,52","2.074,41","2.114,74","2.074,30","6,21M","1,76%"
"08.07.2016","2.074,11","2.042,95","2.078,44","2.041,92","6,06M","1,51%"
"07.07.2016","2.043,28","2.022,63","2.071,68","2.021,50","6,43M","1,00%"
"06.07.2016","2.022,96","2.025,91","2.034,29","1.997,21","8,79M","-0,15%"
"05.07.2016","2.026,04","2.082,66","2.082,74","2.018,90","7,77M","-2,72%"
"04.07.2016","2.082,69","2.104,52","2.117,00","2.079,29","6,51M","-1,02%"
"01.07.2016","2.104,21","2.096,01","2.107,75","2.072,77","8,45M","0,39%"
"30.06.2016","2.095,96","2.076,62","2.100,96","2.060,06","12,08M","0,91%"
"29.06.2016","2.076,96","2.027,95","2.076,96","2.027,84","10,56M","2,42%"
"28.06.2016","2.027,95","1.988,13","2.046,57","1.988,13","10,76M","1,99%"
"27.06.2016","1.988,40","2.083,82","2.093,55","1.981,93","16,38M","-4,60%"
"24.06.2016","2.084,22","2.215,71","2.215,71","1.993,48","19,92M","-7,04%"
"23.06.2016","2.242,11","2.213,55","2.251,54","2.209,60","7,18M","1,28%"
"22.06.2016","2.213,77","2.200,57","2.218,94","2.190,12","6,77M","0,60%"
"21.06.2016","2.200,52","2.192,26","2.202,59","2.179,77","6,92M","0,35%"
"20.06.2016","2.192,90","2.139,81","2.192,90","2.139,81","8,07M","2,48%"
"17.06.2016","2.139,81","2.091,26","2.146,24","2.091,25","21,12M","2,32%"
"16.06.2016","2.091,26","2.124,36","2.124,36","2.080,37","8,19M","-1,55%"
"15.06.2016","2.124,27","2.094,41","2.133,43","2.094,41","7,59M","1,40%"
"14.06.2016","2.095,02","2.137,78","2.137,78","2.094,65","9,02M","-2,03%"
"13.06.2016","2.138,39","2.189,22","2.189,22","2.134,56","7,42M","-2,35%"
"10.06.2016","2.189,87","2.235,73","2.235,79","2.179,12","8,53M","-2,02%"
"09.06.2016","2.235,05","2.245,19","2.246,59","2.225,61","9,96M","-0,45%"
"08.06.2016","2.245,19","2.264,27","2.264,52","2.243,05","7,88M","-0,82%"
"07.06.2016","2.263,84","2.233,78","2.266,30","2.233,30","7,02M","1,35%"
"06.06.2016","2.233,66","2.216,54","2.234,72","2.212,01","3,98M","0,81%"
"03.06.2016","2.215,77","2.231,85","2.251,60","2.210,53","6,01M","-0,71%"
"02.06.2016","2.231,54","2.222,29","2.260,58","2.219,82","5,84M","0,42%"
"01.06.2016","2.222,12","2.260,96","2.260,96","2.215,69","7,57M","-1,71%"
"31.05.2016","2.260,83","2.272,66","2.274,52","2.256,58","9,83M","-0,51%"
"30.05.2016","2.272,44","2.263,79","2.272,44","2.257,19","4,09M","0,39%"
"27.05.2016","2.263,51","2.272,29","2.277,96","2.256,48","8,30M","-0,40%"
"25.05.2016","2.272,70","2.240,77","2.274,71","2.239,76","5,86M","1,44%"
"24.05.2016","2.240,37","2.205,15","2.241,60","2.196,14","6,64M","1,60%"
"23.05.2016","2.205,19","2.193,24","2.212,70","2.182,69","5,42M","0,55%"
"20.05.2016","2.193,13","2.183,26","2.206,34","2.180,22","4,61M","0,46%"
"19.05.2016","2.182,99","2.211,51","2.214,36","2.179,56","4,90M","-1,28%"
"18.05.2016","2.211,36","2.207,01","2.211,38","2.191,50","4,90M","0,19%"
"17.05.2016","2.207,16","2.202,46","2.232,29","2.196,59","6,55M","0,24%"
"13.05.2016","2.201,79","2.204,17","2.210,14","2.192,09","5,83M","-0,11%"
"12.05.2016","2.204,12","2.215,18","2.237,95","2.198,01","6,89M","-0,50%"
"11.05.2016","2.215,22","2.229,06","2.229,06","2.194,83","6,28M","-0,62%"
"10.05.2016","2.229,06","2.217,05","2.235,88","2.214,79","5,68M","0,56%"
"09.05.2016","2.216,54","2.239,49","2.254,28","2.211,91","5,71M","-1,02%"
"06.05.2016","2.239,34","2.240,82","2.241,88","2.211,61","6,65M","-0,04%"
"04.05.2016","2.240,26","2.274,89","2.278,69","2.238,72","7,15M","-1,50%"
"03.05.2016","2.274,38","2.323,45","2.323,45","2.268,56","6,15M","-2,10%"
"02.05.2016","2.323,19","2.329,73","2.335,41","2.313,81","3,81M","-0,27%"
"29.04.2016","2.329,42","2.343,93","2.344,93","2.327,23","8,95M","-0,62%"
"28.04.2016","2.343,97","2.330,05","2.344,21","2.314,39","5,57M","0,60%"
"27.04.2016","2.329,96","2.313,31","2.335,41","2.311,22","5,33M","0,73%"
"26.04.2016","2.312,96","2.321,27","2.332,38","2.308,98","5,55M","-0,33%"
"25.04.2016","2.320,68","2.359,14","2.359,90","2.316,17","5,75M","-1,60%"
"22.04.2016","2.358,46","2.333,56","2.361,49","2.322,75","7,18M","1,07%"
"21.04.2016","2.333,51","2.342,73","2.357,96","2.327,49","7,58M","-0,37%"
"20.04.2016","2.342,26","2.338,70","2.345,98","2.318,72","7,16M","0,17%"
"19.04.2016","2.338,24","2.311,90","2.341,93","2.306,47","8,91M","1,16%"
"18.04.2016","2.311,47","2.302,67","2.312,74","2.277,89","12,66M","0,34%"
"15.04.2016","2.303,65","2.318,12","2.318,12","2.297,17","8,02M","-0,62%"
"14.04.2016","2.318,05","2.294,47","2.322,42","2.294,00","5,43M","1,05%"
"13.04.2016","2.293,92","2.251,12","2.296,30","2.251,12","5,85M","1,90%"
"12.04.2016","2.251,17","2.247,32","2.259,39","2.235,78","5,56M","0,20%"
"11.04.2016","2.246,61","2.241,90","2.257,32","2.230,81","5,99M","0,24%"
"08.04.2016","2.241,17","2.209,81","2.245,43","2.209,73","6,09M","1,40%"
"07.04.2016","2.210,18","2.240,02","2.245,70","2.205,56","6,37M","-1,31%"
"06.04.2016","2.239,60","2.227,64","2.241,18","2.215,27","6,08M","0,56%"
"05.04.2016","2.227,22","2.253,29","2.253,29","2.214,48","8,14M","-1,14%"
"04.04.2016","2.252,86","2.265,64","2.273,21","2.240,34","5,25M","-0,60%"
"01.04.2016","2.266,55","2.270,57","2.279,25","2.239,79","7,84M","-0,17%"
"31.03.2016","2.270,38","2.275,44","2.282,51","2.254,93","6,84M","-0,21%"
"30.03.2016","2.275,08","2.228,58","2.279,21","2.227,69","5,59M","2,10%"
"29.03.2016","2.228,33","2.221,91","2.238,71","2.209,96","7,70M","0,31%"
"24.03.2016","2.221,42","2.266,51","2.267,36","2.218,60","6,42M","-2,04%"
"23.03.2016","2.267,61","2.292,78","2.297,29","2.257,13","6,45M","-1,08%"
"22.03.2016","2.292,29","2.297,67","2.297,67","2.265,45","8,11M","-0,28%"
"21.03.2016","2.298,77","2.317,90","2.329,62","2.290,09","9,25M","-0,78%"
"18.03.2016","2.316,80","2.297,27","2.334,50","2.285,90","20,97M","0,86%"
"17.03.2016","2.297,15","2.299,60","2.317,20","2.246,95","19,14M","-0,11%"
"16.03.2016","2.299,61","2.298,57","2.318,76","2.284,37","10,06M","0,04%"
"15.03.2016","2.298,69","2.323,69","2.323,69","2.294,63","8,84M","-1,07%"
"14.03.2016","2.323,53","2.283,84","2.331,12","2.283,39","11,83M","1,73%"
"11.03.2016","2.284,02","2.229,36","2.293,09","2.229,36","12,05M","2,47%"
"10.03.2016","2.228,93","2.247,42","2.287,00","2.225,00","14,85M","-0,84%"
"09.03.2016","2.247,91","2.236,66","2.256,39","2.234,33","7,60M","0,49%"
"08.03.2016","2.236,97","2.232,81","2.257,21","2.216,97","7,87M","0,19%"
"07.03.2016","2.232,72","2.229,88","2.233,54","2.195,42","8,99M","0,10%"
"04.03.2016","2.230,50","2.211,59","2.239,42","2.210,40","8,32M","0,86%"
"03.03.2016","2.211,59","2.206,44","2.217,73","2.198,12","7,46M","0,21%"
"02.03.2016","2.206,99","2.192,85","2.220,67","2.182,85","8,70M","0,69%"
"01.03.2016","2.191,92","2.154,28","2.192,35","2.152,90","8,04M","1,74%"
"29.02.2016","2.154,34","2.146,13","2.158,62","2.113,54","10,40M","0,39%"
"26.02.2016","2.145,88","2.120,17","2.178,07","2.120,17","8,00M","1,22%"
"25.02.2016","2.120,04","2.100,77","2.136,27","2.100,71","6,72M","0,94%"
"24.02.2016","2.100,28","2.134,75","2.141,21","2.088,10","7,99M","-1,63%"
"23.02.2016","2.134,99","2.177,88","2.180,87","2.134,82","5,82M","-1,97%"
"22.02.2016","2.177,82","2.124,80","2.181,73","2.124,80","6,77M","2,49%"
"19.02.2016","2.124,84","2.114,14","2.138,61","2.098,22","7,85M","0,51%"
"18.02.2016","2.114,14","2.163,64","2.174,40","2.109,65","8,09M","-2,25%"
"17.02.2016","2.162,84","2.083,96","2.176,04","2.083,96","9,59M","3,75%"
"16.02.2016","2.084,71","2.099,27","2.116,68","2.066,24","8,42M","-0,69%"
"15.02.2016","2.099,27","2.035,73","2.103,10","2.035,73","10,45M","3,24%"
"12.02.2016","2.033,48","1.957,55","2.033,48","1.957,55","11,97M","3,91%"
"11.02.2016","1.957,05","2.001,81","2.002,04","1.929,73","11,47M","-2,23%"
"10.02.2016","2.001,60","1.972,44","2.040,85","1.972,11","11,45M","1,50%"
"09.02.2016","1.972,03","2.026,41","2.033,26","1.936,92","16,06M","-2,68%"
"08.02.2016","2.026,40","2.130,42","2.131,65","2.016,25","14,68M","-4,86%"
"05.02.2016","2.129,94","2.113,87","2.146,39","2.112,11","10,21M","0,76%"
"04.02.2016","2.113,90","2.092,51","2.123,34","2.077,85","10,19M","1,04%"
"03.02.2016","2.092,09","2.129,63","2.131,42","2.062,65","11,47M","-1,77%"
"02.02.2016","2.129,86","2.141,14","2.163,48","2.115,27","10,47M","-0,52%"
"01.02.2016","2.140,96","2.162,91","2.167,87","2.124,80","6,72M","-0,99%"
"29.01.2016","2.162,42","2.129,88","2.162,42","2.113,19","8,19M","1,55%"
"28.01.2016","2.129,45","2.137,96","2.151,83","2.114,85","8,49M","-0,40%"
"27.01.2016","2.137,96","2.158,16","2.168,51","2.126,23","8,61M","-0,95%"
"26.01.2016","2.158,36","2.138,82","2.158,36","2.093,64","8,35M","0,91%"
"25.01.2016","2.138,89","2.139,84","2.166,93","2.133,81","7,68M","-0,00%"
"22.01.2016","2.138,90","2.083,87","2.150,01","2.083,87","10,90M","2,74%"
"21.01.2016","2.081,76","2.043,74","2.082,80","2.029,54","13,48M","1,88%"
"20.01.2016","2.043,40","2.113,87","2.114,50","2.038,73","10,21M","-3,36%"
"19.01.2016","2.114,48","2.071,19","2.133,80","2.070,58","10,96M","2,11%"
"18.01.2016","2.070,77","2.113,23","2.114,31","2.062,51","8,26M","-2,01%"
"15.01.2016","2.113,16","2.169,85","2.179,19","2.089,04","13,86M","-2,61%"
"14.01.2016","2.169,90","2.204,05","2.204,21","2.135,57","10,71M","-1,55%"
"13.01.2016","2.204,05","2.217,18","2.242,80","2.204,05","9,61M","-0,57%"
"12.01.2016","2.216,71","2.201,26","2.236,63","2.187,09","11,64M","0,71%"
"11.01.2016","2.200,99","2.221,45","2.233,10","2.193,39","12,94M","-0,90%"
"08.01.2016","2.221,09","2.298,01","2.310,96","2.219,87","10,08M","-3,33%"
"07.01.2016","2.297,63","2.362,45","2.362,48","2.253,61","14,80M","-2,76%"
"05.01.2016","2.362,73","2.348,58","2.367,34","2.332,05","5,88M","0,61%"
"04.01.2016","2.348,31","2.396,94","2.396,94","2.328,74","6,15M","-2,03%"
"30.12.2015","2.396,94","2.396,14","2.404,73","2.389,10","5,34M","0,03%"
"29.12.2015","2.396,27","2.395,61","2.412,55","2.395,37","5,95M","0,03%"
"28.12.2015","2.395,47","2.400,65","2.403,53","2.390,03","4,13M","-0,24%"
"23.12.2015","2.401,19","2.365,24","2.405,96","2.365,24","4,88M","1,53%"
"22.12.2015","2.365,04","2.343,01","2.365,60","2.335,04","5,38M","0,92%"
"21.12.2015","2.343,50","2.357,94","2.367,35","2.340,39","7,19M","-0,57%"
"18.12.2015","2.356,86","2.366,60","2.369,09","2.333,95","14,10M","-0,39%"
"17.12.2015","2.366,19","2.389,44","2.415,83","2.365,95","11,29M","-0,95%"
"16.12.2015","2.388,90","2.353,04","2.398,87","2.352,92","7,19M","1,55%"
"15.12.2015","2.352,43","2.292,72","2.368,39","2.292,72","13,39M","2,62%"
"14.12.2015","2.292,32","2.340,02","2.352,03","2.290,37","9,50M","-2,03%"
"11.12.2015","2.339,86","2.387,07","2.387,38","2.325,93","12,16M","-2,01%"
"10.12.2015","2.387,75","2.372,24","2.388,50","2.358,71","9,87M","0,60%"
"09.12.2015","2.373,40","2.430,27","2.430,27","2.357,01","14,81M","-2,34%"
"07.12.2015","2.430,35","2.447,15","2.457,07","2.420,97","9,63M","-0,74%"
"04.12.2015","2.448,52","2.452,80","2.465,53","2.431,74","7,50M","-0,22%"
"03.12.2015","2.453,96","2.488,61","2.509,18","2.450,70","8,39M","-1,38%"
"02.12.2015","2.488,20","2.501,35","2.508,13","2.482,74","6,53M","-0,54%"
"01.12.2015","2.501,60","2.488,07","2.515,09","2.487,77","7,64M","0,52%"
"30.11.2015","2.488,62","2.473,74","2.492,01","2.461,08","8,03M","0,59%"
"27.11.2015","2.473,99","2.468,07","2.473,99","2.450,24","5,79M","0,20%"
"26.11.2015","2.469,16","2.441,34","2.477,99","2.440,42","6,67M","1,15%"
"25.11.2015","2.441,00","2.452,65","2.461,71","2.438,03","7,59M","-0,53%"
"24.11.2015","2.454,01","2.492,63","2.492,63","2.446,95","10,67M","-1,60%"
"23.11.2015","2.493,99","2.483,29","2.501,33","2.465,98","7,41M","0,41%"
"20.11.2015","2.483,70","2.489,97","2.495,05","2.479,50","7,34M","-0,28%"
"19.11.2015","2.490,79","2.466,01","2.502,43","2.465,81","6,64M","1,04%"
"18.11.2015","2.465,12","2.445,30","2.471,63","2.443,57","6,91M","0,81%"
"17.11.2015","2.445,37","2.403,29","2.452,74","2.403,07","6,01M","1,81%"
"16.11.2015","2.401,99","2.398,15","2.412,80","2.378,36","7,02M","0,15%"
"13.11.2015","2.398,44","2.391,79","2.413,40","2.378,52","6,97M","0,29%"
"12.11.2015","2.391,54","2.466,91","2.467,33","2.390,45","11,37M","-3,05%"
"11.11.2015","2.466,66","2.476,99","2.498,02","2.461,31","6,16M","-0,40%"
"10.11.2015","2.476,50","2.477,12","2.494,05","2.458,89","6,26M","-0,00%"
"09.11.2015","2.476,62","2.494,50","2.505,93","2.471,98","6,72M","-0,69%"
"06.11.2015","2.493,72","2.421,70","2.501,47","2.421,12","9,26M","2,98%"
"05.11.2015","2.421,67","2.432,43","2.456,92","2.417,61","7,46M","-0,45%"
"04.11.2015","2.432,56","2.443,65","2.472,48","2.430,63","8,31M","-0,45%"
"03.11.2015","2.443,54","2.433,64","2.447,26","2.432,94","6,84M","0,41%"
"02.11.2015","2.433,52","2.420,78","2.442,74","2.405,84","7,32M","0,53%"
"30.10.2015","2.420,66","2.422,83","2.430,33","2.415,28","6,72M","-0,09%"
"29.10.2015","2.422,93","2.435,71","2.435,71","2.406,11","6,06M","-0,52%"
"28.10.2015","2.435,49","2.410,51","2.435,90","2.391,52","6,00M","1,03%"
"27.10.2015","2.410,68","2.468,19","2.468,74","2.403,69","8,09M","-2,31%"
"23.10.2015","2.467,65","2.461,96","2.491,84","2.461,02","6,64M","0,23%"
"22.10.2015","2.461,94","2.412,43","2.467,14","2.402,89","7,91M","2,05%"
"21.10.2015","2.412,40","2.384,02","2.412,40","2.371,53","6,52M","1,18%"
"20.10.2015","2.384,21","2.378,20","2.385,92","2.363,04","5,57M","0,25%"
"19.10.2015","2.378,31","2.387,22","2.396,76","2.366,49","7,41M","-0,33%"
"16.10.2015","2.386,29","2.365,29","2.397,28","2.365,29","7,40M","0,91%"
"15.10.2015","2.364,83","2.334,58","2.372,76","2.334,15","6,64M","1,31%"
"14.10.2015","2.334,22","2.314,53","2.339,75","2.298,37","7,37M","0,85%"
"13.10.2015","2.314,65","2.357,37","2.357,71","2.308,30","7,35M","-1,83%"
"12.10.2015","2.357,91","2.363,35","2.392,40","2.354,94","6,78M","-0,16%"
"09.10.2015","2.361,80","2.347,85","2.380,49","2.347,85","7,51M","0,59%"
"08.10.2015","2.347,88","2.350,47","2.360,35","2.336,78","7,01M","-0,09%"
"07.10.2015","2.350,10","2.326,11","2.372,50","2.323,17","9,23M","1,10%"
"06.10.2015","2.324,57","2.295,72","2.338,47","2.289,40","8,72M","1,32%"
"05.10.2015","2.294,23","2.236,23","2.298,78","2.236,23","7,64M","2,60%"
"02.10.2015","2.236,15","2.229,75","2.263,49","2.219,58","7,36M","0,36%"
"01.10.2015","2.228,10","2.229,51","2.261,95","2.224,38","7,45M","-0,06%"
"30.09.2015","2.229,49","2.187,66","2.229,49","2.187,52","8,90M","1,91%"
"29.09.2015","2.187,68","2.168,43","2.187,68","2.141,63","7,57M","0,89%"
"28.09.2015","2.168,46","2.206,11","2.215,65","2.166,82","5,37M","-1,73%"
"25.09.2015","2.206,67","2.172,57","2.212,74","2.172,10","7,14M","1,57%"
"24.09.2015","2.172,49","2.204,54","2.213,53","2.164,80","7,72M","-1,48%"
"23.09.2015","2.205,07","2.200,09","2.218,44","2.187,23","5,56M","0,23%"
"22.09.2015","2.200,09","2.244,44","2.247,11","2.191,85","8,67M","-2,00%"
"21.09.2015","2.244,93","2.240,38","2.253,37","2.226,32","7,33M","0,18%"
"18.09.2015","2.240,83","2.290,65","2.290,97","2.238,06","28,94M","-2,17%"
"17.09.2015","2.290,43","2.292,68","2.297,78","2.283,24","7,93M","-0,10%"
"16.09.2015","2.292,80","2.271,92","2.299,88","2.271,92","7,47M","0,90%"
"15.09.2015","2.272,35","2.260,53","2.277,58","2.247,05","6,68M","0,49%"
"14.09.2015","2.261,37","2.266,68","2.280,80","2.251,41","4,84M","-0,21%"
"11.09.2015","2.266,04","2.281,47","2.284,41","2.261,71","7,27M","-0,67%"
"10.09.2015","2.281,31","2.298,18","2.298,53","2.264,94","8,96M","-0,74%"
"09.09.2015","2.298,27","2.283,44","2.324,42","2.283,44","7,04M","0,67%"
"08.09.2015","2.282,87","2.256,12","2.298,28","2.255,33","6,98M","1,18%"
"07.09.2015","2.256,22","2.251,77","2.270,19","2.244,34","5,75M","0,20%"
"04.09.2015","2.251,71","2.303,44","2.304,10","2.250,54","8,50M","-2,26%"
"03.09.2015","2.303,67","2.262,17","2.313,23","2.261,87","7,43M","1,85%"
"02.09.2015","2.261,82","2.278,39","2.294,18","2.261,01","7,63M","-0,72%"
"01.09.2015","2.278,11","2.324,96","2.324,96","2.271,00","7,32M","-2,02%"
"31.08.2015","2.325,11","2.336,26","2.338,05","2.294,83","8,07M","-0,46%"
"28.08.2015","2.335,89","2.349,77","2.363,32","2.318,17","6,79M","-0,58%"
"27.08.2015","2.349,45","2.267,14","2.352,73","2.267,14","10,75M","3,65%"
"26.08.2015","2.266,67","2.286,98","2.297,90","2.254,31","9,40M","-0,92%"
"25.08.2015","2.287,70","2.207,69","2.307,86","2.206,11","10,71M","3,62%"
"24.08.2015","2.207,69","2.315,84","2.315,84","2.173,87","14,40M","-4,68%"
"21.08.2015","2.316,18","2.394,56","2.394,56","2.316,18","8,67M","-3,30%"
"20.08.2015","2.395,12","2.443,59","2.443,66","2.390,68","8,92M","-1,99%"
"19.08.2015","2.443,71","2.461,76","2.468,48","2.440,85","8,77M","-0,75%"
"18.08.2015","2.462,16","2.450,73","2.467,56","2.450,72","5,95M","0,47%"
"17.08.2015","2.450,73","2.453,98","2.467,05","2.438,79","6,83M","-0,12%"
"14.08.2015","2.453,60","2.452,97","2.469,65","2.448,66","4,79M","0,03%"
"13.08.2015","2.452,84","2.414,58","2.458,16","2.414,58","5,45M","1,59%"
"12.08.2015","2.414,37","2.467,96","2.467,96","2.408,80","8,26M","-2,19%"
"11.08.2015","2.468,47","2.496,97","2.500,00","2.458,72","5,53M","-1,14%"
"10.08.2015","2.497,01","2.488,18","2.497,44","2.473,63","6,34M","0,36%"
"07.08.2015","2.487,96","2.481,75","2.502,54","2.479,82","9,25M","0,25%"
"06.08.2015","2.481,73","2.502,05","2.504,07","2.481,73","5,69M","-0,80%"
"05.08.2015","2.501,76","2.489,76","2.507,88","2.489,46","6,83M","0,48%"
"04.08.2015","2.489,76","2.498,89","2.498,96","2.480,90","5,84M","-0,39%"
"03.08.2015","2.499,44","2.499,41","2.502,45","2.478,59","8,23M","-0,00%"
"31.07.2015","2.499,45","2.481,22","2.500,97","2.480,24","5,20M","0,73%"
"30.07.2015","2.481,28","2.481,33","2.495,87","2.465,18","5,55M","-0,03%"
"29.07.2015","2.481,98","2.479,90","2.490,23","2.470,09","4,80M","0,07%"
"28.07.2015","2.480,24","2.456,13","2.484,22","2.455,56","5,15M","1,01%"
"27.07.2015","2.455,53","2.507,38","2.507,89","2.455,53","6,58M","-2,09%"
"24.07.2015","2.507,98","2.523,78","2.530,64","2.501,59","4,55M","-0,65%"
"23.07.2015","2.524,31","2.521,35","2.539,73","2.520,37","4,74M","0,11%"
"22.07.2015","2.521,61","2.540,39","2.540,39","2.520,27","5,40M","-0,78%"
"21.07.2015","2.541,51","2.550,07","2.558,85","2.538,46","4,32M","-0,42%"
"20.07.2015","2.552,31","2.533,76","2.567,85","2.533,08","5,75M","0,74%"
"17.07.2015","2.533,44","2.533,99","2.548,46","2.521,28","7,30M","0,05%"
"16.07.2015","2.532,14","2.497,28","2.533,04","2.496,02","6,56M","1,35%"
"15.07.2015","2.498,45","2.506,60","2.508,96","2.490,86","4,86M","-0,33%"
"14.07.2015","2.506,72","2.513,63","2.516,39","2.493,85","4,96M","-0,26%"
"13.07.2015","2.513,35","2.466,09","2.516,59","2.466,09","8,41M","1,97%"
"10.07.2015","2.464,75","2.412,30","2.466,80","2.411,72","6,48M","2,19%"
"09.07.2015","2.411,98","2.360,03","2.416,61","2.360,03","6,88M","2,20%"
"08.07.2015","2.360,04","2.328,49","2.367,80","2.322,35","6,30M","1,25%"
"07.07.2015","2.330,84","2.372,55","2.389,98","2.324,67","7,15M","-1,82%"
"06.07.2015","2.374,06","2.432,99","2.432,99","2.368,29","7,96M","-2,43%"
"03.07.2015","2.433,24","2.437,55","2.445,71","2.417,00","4,53M","-0,18%"
"02.07.2015","2.437,63","2.461,06","2.475,04","2.437,45","5,97M","-0,96%"
"01.07.2015","2.461,16","2.411,44","2.472,41","2.410,46","7,08M","2,05%"
"30.06.2015","2.411,77","2.427,18","2.440,90","2.393,96","7,89M","-0,64%"
"29.06.2015","2.427,20","2.509,12","2.509,12","2.380,73","9,06M","-3,28%"
"26.06.2015","2.509,56","2.499,23","2.511,63","2.478,12","4,84M","0,40%"
"25.06.2015","2.499,47","2.512,11","2.525,18","2.493,54","7,33M","-0,53%"
"24.06.2015","2.512,83","2.518,91","2.529,82","2.486,03","6,76M","-0,25%"
"23.06.2015","2.519,05","2.505,00","2.531,21","2.505,00","7,72M","0,58%"
"22.06.2015","2.504,49","2.431,71","2.505,26","2.431,71","8,68M","3,02%"
"19.06.2015","2.431,02","2.443,40","2.467,84","2.427,66","18,37M","-0,51%"
"18.06.2015","2.443,40","2.428,58","2.444,66","2.410,58","7,73M","0,60%"
"17.06.2015","2.428,72","2.451,88","2.468,93","2.427,05","7,55M","-0,94%"
"16.06.2015","2.451,70","2.433,98","2.460,29","2.397,63","7,94M","0,71%"
"15.06.2015","2.434,30","2.494,12","2.494,12","2.432,26","8,89M","-2,39%"
"12.06.2015","2.494,03","2.527,32","2.528,14","2.472,38","6,30M","-1,32%"
"11.06.2015","2.527,34","2.546,53","2.553,73","2.516,04","6,34M","-0,75%"
"10.06.2015","2.546,41","2.502,92","2.557,37","2.495,44","7,94M","1,74%"
"09.06.2015","2.502,80","2.500,98","2.506,21","2.465,63","7,98M","0,07%"
"08.06.2015","2.500,98","2.544,36","2.554,44","2.500,14","7,91M","-1,72%"
"05.06.2015","2.544,67","2.612,09","2.615,57","2.543,03","9,23M","-2,59%"
"03.06.2015","2.612,35","2.578,73","2.614,91","2.574,64","8,15M","1,31%"
"02.06.2015","2.578,59","2.554,43","2.580,78","2.542,08","10,59M","0,95%"
"01.06.2015","2.554,28","2.568,91","2.580,87","2.552,39","8,96M","-0,56%"
"29.05.2015","2.568,76","2.576,75","2.585,25","2.561,89","84,89M","-0,30%"
"28.05.2015","2.576,43","2.614,97","2.614,97","2.562,34","10,40M","-1,46%"
"27.05.2015","2.614,63","2.595,92","2.619,66","2.587,96","8,02M","0,69%"
"26.05.2015","2.596,79","2.641,41","2.642,76","2.596,48","9,17M","-1,66%"
"22.05.2015","2.640,72","2.639,92","2.654,68","2.636,04","6,67M","0,03%"
"21.05.2015","2.639,92","2.653,01","2.654,79","2.631,11","6,44M","-0,47%"
"20.05.2015","2.652,40","2.642,52","2.656,32","2.632,60","8,47M","0,37%"
"19.05.2015","2.642,56","2.637,30","2.657,74","2.637,30","8,21M","0,19%"
"18.05.2015","2.637,55","2.681,94","2.681,94","2.625,39","7,69M","-1,64%"
"15.05.2015","2.681,44","2.659,39","2.695,57","2.659,39","8,49M","0,82%"
"13.05.2015","2.659,57","2.633,41","2.661,35","2.632,84","7,27M","1,01%"
"12.05.2015","2.633,03","2.653,32","2.653,32","2.610,95","7,02M","-0,78%"
"11.05.2015","2.653,80","2.653,59","2.665,77","2.646,71","7,73M","0,02%"
"08.05.2015","2.653,23","2.615,46","2.653,23","2.615,35","8,46M","1,45%"
"07.05.2015","2.615,33","2.570,55","2.618,47","2.536,33","11,41M","1,71%"
"06.05.2015","2.571,26","2.582,77","2.598,33","2.564,50","7,62M","-0,49%"
"05.05.2015","2.583,93","2.613,19","2.628,19","2.581,39","8,51M","-1,15%"
"04.05.2015","2.614,09","2.586,46","2.625,07","2.585,68","5,41M","1,07%"
"30.04.2015","2.586,33","2.586,15","2.594,69","2.560,58","10,22M","-0,01%"
"29.04.2015","2.586,51","2.647,23","2.651,02","2.586,51","8,30M","-2,27%"
"28.04.2015","2.646,67","2.662,09","2.663,39","2.627,10","7,79M","-0,56%"
"27.04.2015","2.661,70","2.638,62","2.662,82","2.636,06","5,94M","0,90%"
"24.04.2015","2.637,85","2.613,07","2.637,85","2.611,74","8,36M","0,94%"
"23.04.2015","2.613,18","2.615,51","2.625,59","2.595,28","6,39M","-0,16%"
"22.04.2015","2.617,29","2.632,43","2.643,12","2.601,85","6,99M","-0,57%"
"21.04.2015","2.632,26","2.607,42","2.640,15","2.607,42","8,82M","0,92%"
"20.04.2015","2.608,30","2.589,57","2.623,80","2.579,41","6,60M","0,72%"
"17.04.2015","2.589,56","2.634,42","2.634,42","2.575,90","10,03M","-1,72%"
"16.04.2015","2.634,99","2.651,04","2.655,62","2.629,13","8,00M","-0,60%"
"15.04.2015","2.650,98","2.630,13","2.657,59","2.623,44","9,43M","0,87%"
"14.04.2015","2.628,14","2.646,63","2.656,84","2.616,43","13,10M","-0,70%"
"13.04.2015","2.646,71","2.620,41","2.648,58","2.618,47","6,98M","1,00%"
"10.04.2015","2.620,52","2.614,64","2.631,21","2.611,80","7,07M","0,23%"
"09.04.2015","2.614,58","2.590,73","2.615,64","2.589,72","7,65M","0,93%"
"08.04.2015","2.590,42","2.581,92","2.596,09","2.575,37","8,50M","0,33%"
"07.04.2015","2.581,94","2.545,34","2.582,88","2.545,34","7,13M","1,42%"
"02.04.2015","2.545,69","2.541,29","2.552,00","2.534,41","5,38M","0,16%"
"01.04.2015","2.541,55","2.509,39","2.545,18","2.495,59","8,75M","1,26%"
"31.03.2015","2.509,82","2.515,89","2.524,74","2.493,96","9,74M","-0,25%"
"30.03.2015","2.516,13","2.464,51","2.516,13","2.464,50","7,82M","2,08%"
"27.03.2015","2.464,97","2.482,12","2.490,85","2.449,66","7,37M","-0,67%"
"26.03.2015","2.481,63","2.523,93","2.523,93","2.471,87","8,71M","-1,66%"
"25.03.2015","2.523,40","2.537,77","2.538,71","2.518,04","5,93M","-0,57%"
"24.03.2015","2.537,75","2.532,26","2.539,91","2.512,97","6,70M","0,21%"
"23.03.2015","2.532,41","2.527,95","2.532,41","2.509,29","7,36M","0,15%"